###エスペラント語根→漢字,###参照2_kanji_map_master由来
世界语单词##,候选汉字##
abak,算盘
abandon,弃
abat,院长
abdik,退位
abel,蜂
aberaci,差
abi,杉
abism,渊
abnegaci,弃
aboc,字
abol,废
abolici,废
abomen,厌
abon,订
abort,堕
abrazi,磨蚀
abrikot,杏
abrog,废
abrupt,陡
absces,脓肿
absid,后殿
absint,苦艾
absolut,绝
absorb,吸
abstin,戒
abstrakt,抽
absurd,谬
abund,丰
abutil,草
ac,科
acer,枫
acet,醋
acid,酸
acipenser,鱼
ad,行
adapt,适
adaĝ,慢
aden,腺
adept,徒
adher,附
adiabat,隔
adiant,铁线草
adiaŭ,再见
adici,加
adip,脂
adjekt,状
adjektiv,形
adjudant,准尉
adjunkt,助
administr,管
administraci,管
admir,佩
admiral,提督
admon,劝
adolesk,青春
adolt,成
adopt,收
ador,拜
adres,址
adstring,涩
adult,奸
adverb,副
advers,敌
advokat,辩
aer,气
afabl,善
afazi,失语
afekci,情
afekt,装
afer,事
afid,虫
afin,缘
afinaci,炼
afiŝ,贴
aflikt,悲
afrank,贴
afrodit,虫
afrodizi,催情
aft,疮
afust,炮架
ag,办
agac,烦
agam,龙
agami,鸟
agatid,木
agav,龙舌兰
agent,代
agerat,草
agit,搅
agl,雕
aglomer,团
aglutin,胶
agnosk,认
agnostik,不可知
agoni,垂死
agor,场
agord,调
agr,农
agrabl,快
agraf,扣
agreg,聚
agres,攻
agrikultur,农
aguti,鼠
agvara,兽
ahims,不害
air,草
aizo,草
ajapan,草
ajl,蒜
ajn,任
ajug,草
akaci,金合欢
akademi,院
akant,草
akantias,鱼
akapar,囤
akar,虫
akaĵu,腰果
akcel,促
akcent,重
akcept,受
akcesor,副
akci,股
akcidenc,偶
akcident,祸
akcipitr,鹰
akciz,税
ake,树懒
akebi,木
aken,瘦果
akeronti,虫
akir,获
aklam,欢呼
akn,痘
akomod,适
akompan,陪
akonti,龙
akor,草
akord,和
akr,锐
akredit,信任
akrid,蝗
akrobat,杂技
akroĥord,蛇
aks,轴
aksel,腋
aksiom,公理
aksolotl,蛙
akt,幕
akte,草
aktin,射
aktini,海葵
aktinidi,猴桃
aktiv,活
aktor,演
aktual,现
akumul,累
akumulator,蓄电
akurat,准
akustik,音
akut,锐
akuz,诉
akuzativ,宾
akuŝ,产
akv,水
akvafort,蚀刻
akvarel,水彩
akvifoli,木
al,向
alabastr,雪花石膏
alarm,警
alatern,木
alaŭd,雀
alb,白袍
albin,白
albizi,木
albugine,白膜
album,册
albumin,白蛋白
alburn,白鱼
alce,立葵
alced,鸟
alcelaf,兽
alcion,翠鸟
alcioni,虫
ald,中音
ale,林
alegori,寓
alegr,快
aleksi,失读
alektor,鸟
alergi,过敏
alez,钻
aleŭrit,木
aleŭrod,虫
alfabet,字
alg,藻
algebr,代数
algi,痛
algid,冷
ali,别
alianc,盟
aliari,草
alien,让
aline,换行
alis,草
alism,泽泻
alit,蛙
aliteraci,头韵
alium,草
aliz,果
alize,信风
alk,驼鹿
alkal,碱
alkekeng,草
alkemi,炼金
alkohol,醇
almanak,历书
almenaŭ,至
almoz,施
alo,草
aloj,合金
alokazi,草
alopekur,草
alotrop,异形
alp,峰
alpini,草
alt,高
altar,坛
alte,立葵
alteraci,蚀变
altern,替
alternativ,替
altitud,高
altru,他
aluat,猴
alud,暗
alumet,柴
alumini,铝
alun,矾
aluvi,淤
alveol,槽
alveolin,虫
alvus,鱼苗
am,爱
amalgam,汞齐
amanit,鹅膏
amar,苦
amarant,菜
amarilid,花
amas,堆
amator,好
ambasad,使
ambasador,使
ambaŭ,两
ambici,志
ambigu,歧义
ambistom,蛙
ambl,踱
ambliop,弱视
ambos,铁床
ambr,龙香
ambulatori,廊
ameb,变形虫
amel,糊
amelanĉ,木
amend,改
ament,穗
americi,金
ametist,紫晶
ametrop,屈光
amfibi,两栖
amfibrak,短长短
amfor,罐
ami,草
amik,友
amirid,木
amnesti,赦
amnezi,忘
amni,羊膜
amofil,草
amom,草
amoniak,氨
amonit,菊石
amor,性
amorfofal,魔芋
amortiz,偿
ampelopraz,草
ampleks,广
amplif,扩
amplifik,增幅
ampol,泡
amput,截
amuz,娱
an,员
anabol,合成
anafor,复
anagal,草
anagir,木
anaglif,雕
anakardi,木
anakond,蛇
anal,史
analitik,析
analiz,析
analog,似
analogi,类
anamirt,木
anamorfoz,变形
ananas,菠萝
anarik,鱼
anark,无政
anarki,无政
anas,鸭
anastatik,草
anastigmat,无散光
anastomoz,吻合
anatem,咒
anatomi,剖
anchov,鱼
ancilostom,钩虫
andant,行
andre,苔
androgin,雌雄
andromed,木
andropogon,草
androzac,草
anduj,肚肠
anekdot,闻
aneks,并
anem,风
anemi,贫血
anemon,银莲
aneroid,无液
anet,草
angelik,草
angi,脉
angil,鱼
angin,咽炎
angiom,血管瘤
anglikan,圣公
angor,忧
angostur,木
angrek,草
angul,角
anhel,喘
anil,草
anim,魂
animal,兽
aniz,果
ankaŭ,也
ankiloz,关节强直
ankoraŭ,还
ankr,锚
anksi,忧虑
anobi,虫
anodont,贝
anomali,异
anon,木
anonc,宣
anopsi,盲
ans,柄
anser,鹅
anstataŭ,代
ant,在
antagon,敌
antarkt,南
antaŭ,前
antedon,虫
anten,触角
antenari,草
anti,抗
antiar,木
anticip,预
antiklinal,背斜
antikv,古
antilid,草
antilop,羚
antimon,矿
antoksant,草
antologi,选
antraks,炭疮
antrisk,草
antrop,人
anturi,草
anus,肛
anzu,杏
anĉ,簧
anĉov,鱼
anĝel,天使
aort,主脉
aot,猴
apanaĝ,封
aparat,器
apart,独
apartament,寓
aparten,属
apatosaŭr,龙
apeks,尖
apel,诉
apelaci,上诉
apenaŭ,才
apendic,虫垂
aper,现
apercept,统觉
aperitiv,开胃酒
apert,开
apertur,孔
apetit,欲
api,芹
apios,草
aplanat,无差
aplaŭd,鼓
aplik,用
aplomb,稳
apne,止
apocin,草
apog,支
apoge,远
apokalips,末启
apokrif,伪
apologi,辩
apopleksi,卒中
apostat,叛
aposterior,后
apostol,使
apostrof,省
apotek,药
apoteoz,神化
apozici,位
apr,猪
apret,整
apretur,整
aprez,赏
april,四月
aprior,先
aprob,肯
apterig,鸟
apud,旁
ar,群
arabidops,草
arabis,草
arakid,花生
araknoid,蛛膜
arali,木
arane,蛛
aranĝ,整
arb,树
arbitr,擅
arbitraci,裁
arbust,灌木
arbut,红果
ard,热
arde,鸟
ardez,板岩
are,面
arek,棕
arenari,草
areol,晕
arest,逮
argani,木
argemon,草
argil,粘土
argiop,蛛
argironet,蛛
argon,气
argonaŭt,虫
argument,论
arier,后卫
aristokrat,贵
aritmetik,算
ark,弧
arka,古
arkad,拱廊
arke,方舟
arkegoni,颈卵器
arkeo,古
arki,首
arkipelag,群岛
arkitekt,建筑
arkitektur,建筑
arkiteŭt,贝
arkiv,档
arkt,极
arkte,草
arkti,虫
arktostafil,木
arleken,丑
arm,武
armadel,兽
armadilidi,虾
armatur,配筋
arme,军
armeri,草
armilari,菌
armoraci,草
arnik,羊菊
arog,傲
arogant,傲
arom,香
arorut,葛
arpeĝ,散音
arsen,矿
art,艺
arteri,脉
artez,自流
artifik,诈
artik,节
artikol,文
artikulaci,发音
artileri,炮兵
artiŝok,菜
artokarp,木
artr,节
arum,草
arund,草
arunk,草
arvikol,鼠
arĉ,弓
arĝent,银
arĥe,古
asbest,石棉
asekur,保
asembl,汇编
asemble,会
asert,断
asfalt,沥青
asfiksi,窒
asidu,勤
asign,配
asimil,同
asist,辅
asiz,审
ask,囊
askarid,回虫
asket,苦行
asklepiad,草
asoci,联
asonanc,韵
aspart,天冬
aspekt,显
asperg,洒
aspidistr,草
aspir,渴
aspiraci,送气
aspleni,草
astat,无定
astaten,卤
asteni,弱
aster,菊
asteri,海星
astigmat,散光
astilb,草
astm,喘
astr,星
astrakant,木
astre,菌
astronomi,天
at,被
atak,攻
atav,祖
ataŝe,随员
atel,猴
atenc,害
atend,待
atent,注
atenu,衰
atest,证
ating,到
atlet,选手
atm,我
atmosfer,气
atom,子
atri,厅
atribu,归
atrop,颠
atropos,虫
atut,王牌
av,爷
aval,背书
avan,前
avanc,进
avangard,前卫
avantaĝ,优
avar,吝
avel,坚果
aven,燕麦
aventur,冒
avenu,道
averaĝ,均
averi,损
avero,木
avert,警
aviad,航
aviceni,木
avid,贪
avikulari,蛛
aviz,告
avocet,鸟
avokad,鳄梨
azale,杜鹃
azarol,木
azen,驴
azil,庇
azimen,木
azo,无生
azol,草
azot,氮
aĉ,劣
aĉet,买
aĝ,岁
aĝi,升水
aĵ,物
aĵur,透空
aŝok,木
aŭ,或
aŭbrieti,草
aŭd,听
aŭdac,敢
aŭgur,占
aŭgust,八月
aŭk,鸟
aŭkci,拍卖
aŭkub,木
aŭkume,木
aŭreli,海月
aŭreol,光环
aŭrikulari,菌
aŭror,晓
aŭskult,听
aŭstralopitek,猴
aŭt,车
aŭtentik,真
aŭtobus,车
aŭtoklav,高压锅
aŭtomat,动
aŭtomobil,车
aŭtonom,自治
aŭtonomi,自治
aŭtor,作
aŭtoritat,权
aŭtun,秋
babil,聊
babord,船左
bac,响
bacil,菌
bagatel,琐
bagaĝ,行李
bajonet,刺刀
bajt,字节
bak,烤
bakalaŭr,学士
bakter,菌
bakteri,菌
baktri,双驼
bal,舞
bala,扫
balan,藤壶
balanc,摇
balast,压舱
balat,木
balbut,结巴
baldaŭ,将
balen,鲸
balg,风箱
balist,弓炮
balistik,弹道
balkon,阳台
balon,球
balot,票
balote,草
balte,带
balzam,膏
balzamin,花
balzamit,草
bambu,竹
bambuz,草
ban,浴
banal,俗
banan,蕉
band,队
bandaĝ,包
banderol,带
bangi,藻
banjan,木
bank,银
banked,宴
bankrot,破产
bant,结
bantam,鸟
banus,督
bapt,洗
bar,障
barak,棚
barakt,挣
barb,胡
barbaden,西番莲
barbar,蛮
barbare,草
barbi,鱼
barbir,剃
barel,桶
bari,金
barier,栏
barikad,路障
barit,重晶石
bariton,男中音
bark,舶
baron,爵
bart,鲸须
barĝ,驳
bas,低
basbal,棒球
basen,盆
bask,摆
baskul,跷
bastard,庶
baston,棒
bat,打
batal,战
batat,甘薯
bateri,电
batrak,蛙
batu,围猎
bav,口水
baz,基
bazar,市
bazidi,担子
bazili,草
baŝo,草
baŭ,梁
baŭhini,木
beat,福
beb,婴
bed,圃
bedaŭr,憾
bek,嘴
bekabung,草
bel,美
beletr,文
belis,草
belon,针鱼
bemeri,草
bemol,降
ben,祝
bend,带
benefic,益
benign,良
benjet,炸糕
benk,凳
bent,底栖
benzin,汽油
benzo,安息香
ber,浆果
berberis,木
bergamot,香柑
berili,金
berkeli,金
bernikl,鸟
bertoleti,木
best,兽
besti,兽
bet,甜菜
betel,草
beton,混凝
betul,桦
bevel,斜
bezon,需
beŝamel,白汁
bi,生
bias,偏
bibli,经
bibliotek,库
biceps,二头肌
bicikl,车
bien,庄
bier,酒
bifid,叉
bifstek,牛排
bigarad,酸橙
bigarel,脆樱
bignoni,木
bigot,偏执
biks,木
bil,券
bilanc,衡
bilard,台球
bild,画
bilet,票
bilharzi,血虫
bilion,兆
bilĝ,舱底
binar,二进
bind,装
binom,二项
bio,生
biologi,生
bir,测
bird,鸟
birg,虾
bis,再
biskutel,草
biskvit,饼
bismut,金
bistort,草
bistr,褐
bit,位
bitum,沥青
bivak,营
bizon,野牛
blag,吹
blakbas,鱼
blank,白
blapt,虫
blasfem,辱
blast,胚
blastocer,兽
blat,虫
blaz,泡
blazon,徽
blek,鸣
blend,甲
bleni,滑鱼
bleti,草
blind,盲
blink,闪
blok,块
blond,金
blov,吹
blu,蓝
bluf,唬
bluz,衫
bo,姻
board,迎风
boat,舟
bobel,泡
boben,圈
bobolink,鸟
bodi,觉
boj,吠
bojkot,抵制
bok,牡
bokal,罐
boks,拳击
bol,沸
bold,木
bolet,菇
bolt,栓
bolus,团
bomb,弹
bombak,木棉
bombard,轰
bombast,夸
bomben,蛙
bombicil,鸟
bombon,糖
bon,良
bonazi,鸟
bonit,鱼
bonvol,愿
bonz,僧
bops,鱼
bor,钻
borag,草
bord,岸
bordel,妓院
border,缘
bordun,低音
bors,市
bos,凸
boselaf,兽
bosk,林
bostrik,虫
bosveli,木
bot,靴
botanik,植
botel,瓶
botrit,菌
botrop,蛇
botul,菌
bov,牛
boviste,菌
bovl,碗
bracelet,环
brak,臂
brakin,虫
brakte,苞
bram,鱼
bran,糠
brand,酒
brankard,担架
branĉ,枝
bras,帆索
brasik,菜
brav,勇
bravur,炫
braĝ,炭
bred,养
brems,刹
bret,板
brez,闷
breĉ,裂
breĉi,角砾岩
bri,苔
brid,勒
brig,双帆船
brigad,旅
brik,砖
bril,亮
brioni,草
brisur,标
briz,微风
briĝ,桥牌
brod,绣
brog,烫
brok,锦
brokant,贩
brom,卤
bromeli,草
bromus,草
bronk,支
bronz,青铜
bros,刷
brosm,鱼
brov,眉
broŝur,册
bru,噪
brul,燃
brun,褐
brunel,草
brunfelsi,木
brusk,暴躁
brusoneti,木
brust,胸
brut,畜
brutal,暴
bu,浮
bub,顽
bucer,鸟
bud,棚
buda,佛
budh,佛
budle,木
budĝet,算
buf,蛤蟆
bufag,鸟
bufed,台
bufr,缓冲
buftalm,草
bugenvil,木
bugr,肛交
buk,扣
bukan,熏
buked,束
bukl,卷
buks,黄杨
bul,团
bulb,球
buljon,高汤
bulk,包
bulten,报
bulvard,道
bum,帆杆
bungar,蛇
bunt,彩
bupleŭr,草
buprest,虫
burg,堡
burlesk,谐
burokrat,官
burs,囊
burser,木
burĝ,资
burĝon,芽
bus,车
bust,胸
but,培
bute,鹰
buter,黄油
butik,店
butom,草
buton,扣
buĉ,屠
buĝet,预算
buŝ,口
car,帝
ceb,猴
cece,虫
cecidomi,虫
ced,让
cedr,雪松
cedrat,香柑
cedrel,木
cefal,头
cefalaspid,头甲
ceib,木
cejan,蓝菊
cekum,盲肠
cel,标
celakant,矛尾鱼
celastr,木
celebr,庆
celenter,腔肠
celeri,芹
celom,体腔
celsius,摄氏
celtid,木
celul,胞
celuloz,纤素
cement,水泥
cens,普
cent,百
centaŭr,半人马
centaŭri,草
centezimal,百
centi,厘
centimetr,厘
centr,央
central,央
centrant,草
centrifug,离心
centripet,向心
centuri,百队
cenzur,审
cep,葱
cepol,鱼
cerambik,虫
cerami,藻
ceramik,陶
cerast,蛇
cerasti,草
ceratofil,草
ceratoni,木
cerb,脑
cercid,木
cercidifil,木
cereal,谷
cerebel,小脑
cerebr,脑
ceremoni,式
ceri,金
cerkari,虫
cerkopitek,猴
cert,确
certi,鸟
cerv,鹿
cervik,颈
cestr,木
cetac,鲸
ceter,余
ceterak,草
cetoni,虫
cetrari,菌
cezalpini,木
cezi,金
ci,尔
cian,青
cibet,灵猫香
cic,乳
cicindel,虫
cidoni,木瓜
cifer,数
cigared,烟
cign,天鹅
cikad,蝉
cikas,木
cikatr,疤
cikl,环
ciklon,旋
ciklop,巨
cikoni,鸟
cikut,毒芹
cili,纤毛
cilindr,圆柱
cim,臭虫
cimbal,铜盘
cimbalari,草
cimbidi,草
cimbopogon,草
cimicifug,草
cinabr,朱
cinam,桂
cinamom,木
cinar,草
cindr,灰
cinerari,草
cinik,冷笑
cinip,蜂
cinkl,鸟
cinodont,草
cinoglos,草
cinozur,草
cintr,拱架
ciper,草
cipre,宝贝
cipres,柏
ciprin,鲤
cipripedi,草
cir,膏
circe,草
cirk,圈
cirkaet,鸟
cirkel,规
cirkl,圆
cirkonstanc,况
cirku,鸟
cirkul,环
cirkuler,函
cirkumcid,割礼
cirkvit,路
ciroz,硬
cirsi,草
cirus,卷
cis,此
cist,草
cistern,池
cisticerk,囊尾虫
cistopterid,草
cit,引
citin,草
cito,胞
citoz,胞
citr,琴
citrol,草
citron,果
citronel,香茅
citrus,柑
civetikt,兽
civil,民
civiliz,教
civit,市
cizel,雕
cug,铁杉
cum,聚伞
da,份
dafn,瑞香
dafni,虾
dafodil,草
dajmon,神灵
dakriocist,泪囊
daktil,枣
daktilis,草
dalbergi,木
dam,妃
dama,鹿
damar,木
damask,缎
damasken,嵌
damaĝ,损
damp,抑
danc,舞
dand,俏
dank,谢
danĝer,危
dat,期
daten,数据
datum,数据
davali,草
dazipod,兽
daŭb,桶板
daŭk,草
daŭr,续
de,从
debat,辩
debet,欠
debil,弱
debit,销
debut,初
dec,宜
decembr,十二月
deci,分
decid,决
decidu,落
decimal,十
dediĉ,献
dedukt,演绎
defend,防
defens,封
defet,败
defi,挑战
deficit,亏
defil,分列
definitiv,确
deflaci,缩
degel,融
degener,退
degrad,降
dehisk,裂
dek,十
deka,十
dekadenc,颓
dekant,倾析
deklam,诵
deklar,宣
deklinaci,格
dekliv,坡
dekokt,煎
dekolt,低领
dekor,饰
dekoraci,饰
dekrement,减
dekret,颁
dekstr,右
deleg,委
delekt,悦
delfen,海豚
delic,珍
delikat,细
delikt,违
delir,狂
delonik,木
delt,三角洲
demagog,煽动
demagogi,煽动
demand,问
demenc,痴
demisi,辞
demodeks,虫
demokrat,民
demokrati,民
demon,魔
demonstr,证
dendro,树
dendrolag,兽
dens,密
densteti,草
dent,齿
dental,齿
dentin,齿质
denunc,揭
deodar,木
deont,义
departement,部
depeŝ,报
depon,存
depozici,证
deprec,贬
depresi,低
deprim,沮丧
deput,派
der,木
deriv,派
derm,皮
dermat,皮
dermest,虫
des,愈
desapont,失望
desegn,绘
desert,点
desinfekt,消毒
desmod,兽
despot,专制
destin,定
detal,细
detekt,检
deterg,洗
determin,定
detonaci,轰
detrit,碎屑
detru,毁
dev,应
devalut,贬
deven,源
devi,偏
deviaci,偏
deviz,铭
devot,敬
dezajn,设计
dezert,漠
dezir,欲
deĉifr,密
deĵor,当
di,神
dia,通
diabet,糖尿
diabl,魔
diafan,透
diafragm,光圈
diagnoz,诊断
diagonal,斜
diakon,助祭
dialekt,言
dialektik,辩证
dializ,透析
dialog,话
diamagnet,反磁
diamant,钻
diant,石
diastol,舒
diazoni,重氮
diboĉ,荡
did,鸟
didaktik,教
didelf,鼠
dielektrik,介电
dierez,分音
dies,升
diet,节
dietik,节
difekt,损
difenbaki,草
difeomorf,微分同胚
difeomorfi,微分同胚
diferenc,异
diferencial,异
difilobotri,虫
difin,定
difrakt,衍射
difteri,白喉
difuz,散
dig,拦
digest,消
digitari,草
dign,尊
dik,厚
dikotom,叉
dikro,二色
dikt,述
diktamn,草
diktator,独裁
dilat,膨
dileni,木
diletant,好
diligent,勤
dilu,稀
diluv,洪
dimanĉ,日
dimensi,维
dinam,发电
dinamik,力
dinamit,炸
dinasti,朝
ding,兽
dinornit,恐鸟
dinosaŭr,恐龙
diod,二极管
diodont,鱼
diomede,鸟
dione,草
dioskore,草
diospir,柿
diplo,板障
diplom,证
diplomat,交
dipsak,续断
dipso,渴
dipterik,木
dipterokarp,木
dir,说
direkt,方
direktor,导
dis,散
disciplin,律
disdegn,蔑
disenteri,痢
disert,论
disertaci,论文
disident,异
disk,盘
diskont,减
diskret,谨
diskrimin,辨
diskriminaci,歧
diskurs,辩
diskut,论
disoci,解
disonanc,不谐
dispers,散
dispon,处
dispozici,处
disprozi,金
disput,争
distanc,距
distil,馏
disting,辨
distr,散
distribu,配
distrikt,区
ditiramb,颂
ditisk,虫
diurez,多尿
diurn,日
divan,长椅
diven,猜
divers,杂
divertikul,囊室
diverĝ,散
divid,分
divizi,师
divizor,约数
divorc,离婚
dizel,柴油
dizert,逃
do,故
docent,讲师
dodeka,十二
dog,犬
dogan,关
dogm,教条
dok,船渠
doktor,博
doktrin,教义
dokument,档
dolikot,鼠
dolor,痛
dolĉ,甘
dom,屋
domaĝ,惜
domen,骨牌
domicil,住所
domin,治
don,给
donac,礼
donak,草
dorid,贝
dorlot,宠
dorm,睡
dorn,刺
dors,背
dosier,档
dot,嫁妆
doz,量
drab,草
dracen,龙血树
drag,挖泥
drak,龙
drakon,严
dram,剧
drap,呢
drapir,帷
drast,猛
drat,线
draĵ,根芽
draŝ,打
dren,排
dres,驯
dril,钻
drimi,草
drimis,木
drink,饮
driopterid,草
driv,漂
drog,药
dromedar,单峰驼
dromi,虾
dromice,鸟
dron,溺
drozer,草
drozofil,虫
drup,核果
du,二
dual,双
dub,疑
dubel,栓
dubl,替
duel,决斗
duet,二重
dugong,兽
duk,公爵
dukt,管
duktil,延展
dum,期
dun,沙丘
dung,雇
duoden,十二指肠
duplikat,副本
dur,硬
duri,木
dut,二度
duŝ,淋
eben,平
ebl,可
ebon,乌
ebri,醉
ebur,象牙
ec,性
eci,菌
ecidi,菌
ed,科
edif,教化
edikt,令
editor,编
edr,面
eduk,育
edz,夫
efedr,木
efedrin,麻黄碱
efekt,效
efektiv,实
efemer,短
efervesk,泡
efik,效
efloresk,风化
efluv,辉
eg,巨
egal,等
egilop,草
eglanteri,草
ego,吾
egoist,己
egret,冠羽
ej,所
ejakul,射
ejgen,特征
ejnŝtejni,金
ejŝhorni,草
ek,始
ekbali,草
ekidn,兽
ekin,海胆
ekinokok,虫
ekinops,草
ekip,备
eklektik,折衷
eklezi,教
eklips,食
eko,境
ekologi,态
ekonomi,经济
ekonomik,经济
ekran,屏
eks,旧
ekscelenc,阁
ekscentrik,偏心
eksces,滥
ekscit,激
ekshibici,露
eksklud,排
ekskluziv,排
ekskomunik,开除
ekskori,擦伤
ekskreci,泄
ekskrement,粪
ekskurs,游
ekskuz,辩
ekspansi,膨
eksped,送
ekspedici,远征
ekspektor,咳痰
eksperiment,验
ekspertiz,鉴
eksplic,释
eksplicit,明
eksplik,释
eksplod,爆
ekspluat,采
ekspon,展
eksponent,指数
eksport,出
ekspozici,展
ekspres,速
ekspresion,表
ekstaz,醉
ekstemporal,即
ekstens,伸
ekster,外
eksterm,歼
ekstr,特
ekstradici,引渡
ekstrakt,抽
ekstrapol,外推
ekstravaganc,怪
ekstrem,极
eksud,渗
ekt,外
ekto,外
ektomi,除
ektopi,异位
ekv,兽
ekvaci,方程
ekvator,赤
ekvilibr,衡
ekvinoks,分
ekvipotencial,等势
ekvivalent,等
ekvizet,问荆
ekzakt,精
ekzalt,扬
ekzamen,检
ekzantem,疹
ekzegez,释
ekzekuci,执
ekzekut,执
ekzempl,例
ekzempler,册
ekzerc,练
ekzil,逐
ekzist,存
ekzistencial,存
ekzo,外
ekzocet,鱼
ekzoftalmi,凸眼
ekzorc,驱魔
ekzot,异
el,出
elafr,虫
elan,冲
elani,鸟
elap,蛇
elast,弹
elater,虫
elatin,草
ele,木
eledon,贝
elefant,象
elegant,雅
elegi,挽歌
elekt,选
elektr,电
elektrod,极
elektronik,电
element,素
eleokarit,草
eletari,草
elim,麦
elimin,除
elips,椭圆
elit,优
elitr,硬翅
elitrigi,草
elize,福
elizi,省
elode,草
elokvent,辩
elu,淋
eluvi,淋
em,倾
eman,散
emancip,放
embaras,窘
embarg,禁
emberiz,雀
embol,栓
embri,胚
embusk,伏
emerit,退
emeritur,退休金
emerĝ,出
emfaz,强
emfizem,气肿
emi,血
emid,龟
emigr,迁
eminent,杰
emisi,发
emoci,情
empetr,木
empir,帝风
empiri,验
emulsi,乳
en,内
enantio,映
encefal,脑
enciklopedi,典
end,须
endemi,地方
endivi,苦菜
endo,内
endokrin,内分泌
energi,能
engaĝ,聘
enigm,谜
enkaŭstik,蜡画
enket,查
enkliz,附
enoter,花
ensembl,套
entel,猴
enter,肠
entjer,整
entolom,菌
entom,虫
entrepren,办
entuziasm,热
enu,厌
enukle,摘
enurez,遗尿
envi,羡
envult,咒
enzim,酵素
epakrid,木
ependim,室膜
eperlan,鱼
epi,表
epidemi,疫
epidendr,草
epifiz,骨端
epik,史诗
epiornit,隆鸟
epipaktid,草
episkop,主教
epistol,信
epiteli,上皮
epitet,修饰
epitom,概
epizod,段
epok,纪
epoksi,环氧
epope,史诗
er,粒
era,代
erar,错
erbi,金
erc,矿
erekt,勃
ereti,木
ergot,麦角
erigeron,草
erik,石南
erinac,猬
eritre,草
eritren,木
eritrocit,红胞
eritroksil,木
eritroni,猪牙花
erizif,菌
erizipel,丹毒
ermen,鼠
ermit,隐
erod,磨
erodi,草
erofil,草
erot,色
erotik,色
eroto,色情
erozi,蚀
erp,耙
erudici,博
erupci,喷
esamen,蜂群
escept,除
ese,论
esenc,质
esk,风
eskal,梯
eskalon,梯队
eskap,逃
eskar,焦疤
eskarp,坡
eskort,护
eskul,木
esoter,秘
espart,茅
esper,望
esplor,探
esprim,表
est,是
establ,设
estetik,美学
estez,感
estim,尊
esting,灭
estr,长
et,小
etap,段
etat,表
etaĝ,层
etend,伸
etern,永
eti,因
etik,伦
etiked,标
etiket,礼
etil,乙
etim,源
etlinger,草
etn,族
etos,氛
etuv,炉
etuz,草
evaku,疏散
evangeli,福音
event,事
eventual,偶
evident,显
evit,避
evolu,展
evonim,木
ezofag,食管
ezok,鱼
eĉ,连
eĝ,棱
eĥ,回
eĥin,海胆
eŝolzi,草
eŭ,良
eŭfaŭzi,磷虾
eŭforbi,草
eŭfori,欣快
eŭfrazi,草
eŭgeni,木
eŭgenik,优生
eŭkariot,真核
eŭkaristi,圣餐
eŭmetrop,正视
eŭpatori,草
eŭripterigi,龙
eŭroparlament,欧议
eŭropi,金
eŭtanazi,安乐死
eŭtrof,富养
fab,豆
fabel,童
fabl,寓
fabrik,厂
fac,面
facet,刻面
faci,颜
facil,易
fad,淡
faden,丝
faeton,马车
fag,树
fagopir,麦
fagot,大管
fajenc,陶土
fajf,笛
fajl,磨
fajn,精
fajr,火
fak,专
faks,传真
faksimil,复
fakt,事
faktor,因
faktur,账
fakultat,系
fal,落
falang,阵
falanger,兽
falangi,蛛
falarid,草
falaropod,鸟
fald,折
falen,虫
falenops,草
falk,鹰
fals,伪
falt,皱
falun,贝岩
falus,阳具
falĉ,收割
fam,名
famili,家
familiar,熟
fanatik,狂
fand,熔
fanfar,号角
fanfaron,夸
fantast,幻
fantazi,幻
fantom,幽
far,做
faradiz,电疗
farb,颜
faring,咽
farm,租
farmaci,药
farmak,药
fars,剧
fart,体
farun,粉
farĉ,填
fasad,正面
fascin,魅
fask,束
fasm,竹节虫
fason,款
fast,斋
fasĉin,柴束
fatal,命
fav,黄癣
favor,利
faz,相
fazan,野鸡
fazeol,豆
fazeolus,草
faĝ,食菌
faŭk,口
faŭl,违规
faŭlt,断层
faŭn,兽相
fe,妖精
febl,弱
febr,烧
februar,二月
feder,联
federaci,联
federal,联
fek,粪
fekund,肥
fel,皮
feldspat,长石
felis,猫
feliĉ,幸
felt,毡
femal,雌
femin,女
feminism,女
femur,股
fen,焚风
fend,裂
fenestr,窗
fenik,木
feniks,凤
fenikur,鸟
fenomen,现
fenugrek,草
fer,铁
ferdek,甲板
feri,假
ferl,收
ferm,闭
ferment,酵
fermi,金
fero,铁
ferolag,草
feromagnet,铁磁
ferut,驮
fervor,热
fest,庆
festen,宴
festival,庆
feston,花环
fet,胎
fetiĉ,物神
fetor,臭
feĉ,渣
feŭd,封
fi,卑
fiakr,马车
fianĉ,婚
fiask,败
fibr,纤
fibrin,纤蛋白
fic,藻
fid,信
fideikomis,信委
fidel,忠
fier,骄
fig,无花果
figur,形
fik,操
fikari,草
fikci,虚
fiks,定
fiktiv,虚
fikus,榕
fil,儿
filadelf,山梅花
filament,丝
filari,丝虫
filatel,邮
file,里脊
fili,支
filigran,丝
filik,羊齿
filipendul,草
filistr,俗
film,影
filodendr,草
filostom,蝠
filozof,哲
filozofi,哲
filtr,滤
filum,门
fin,终
final,终
financ,财
fingr,指
fini,限
finiŝ,终
fint,假
firm,坚
firma,商
first,脊
fisk,国库
fistulin,菌
fit,植
fiteŭm,草
fitis,鸟
fitoftor,菌
fitolak,草
fizalid,草
fizi,物理
fizik,物理
fizionomi,相
fiŝ,鱼
flag,旗
flagel,鞭
flagr,闪
flakon,瓶
flam,焰
flameng,火烈鸟
flan,蛋奶
flanel,毛绒
flank,侧
flar,嗅
flat,媚
flav,黄
flavin,黄
flaŭr,植相
fle,草
fleb,脉
flebotom,虫
fleg,护
flegm,淡
fleks,弯
fleksi,屈
flik,补
flirt,飘
flog,木
flok,絮
floks,草
flor,花
flos,筏
flot,舰
flu,流
flug,飞
fluid,流体
fluks,通量
fluktu,荡
fluor,气
fluoresk,荧光
flus,涨
flustr,悄
flut,笛
fob,怕
fobi,症
focen,兽
foir,集
foj,次
fojn,干草
fok,海豹
foksen,鱼
fokus,焦点
fol,愚
folad,贝
fold,槽
foli,叶
folikl,囊
foliot,菌
folklor,民俗
foment,敷
fon,底
fond,建
fondus,基金
fonem,音位
fonet,音
fonetik,音
foni,声
fonograf,声
font,泉
fontan,喷泉
for,离
foradendr,木
forc,促
forges,忘
fork,叉
form,形
formal,形
format,版
formi,草
formik,蚁
formul,式
forn,炉
fornel,炉
forniks,脑弓
forst,林
fort,强
fortik,坚
fortun,运
fortunel,木
forum,坛
forĝ,锻
fos,掘
fosf,磷
fosfo,磷
fosfor,磷
fosforesk,磷光
fosili,化石
fost,柱
fot,拍
fotel,扶椅
fotograf,照
fove,窝
frag,果
fragari,草
fragment,碎
fraj,鱼卵
frajt,货
frak,燕尾
frakas,碎
frakci,分
fraksinel,草
frakt,分形
fram,框
framason,共济会
framb,果
frand,品
franĝ,纹
frap,敲
frat,兄
fraz,句
fraŭd,诈
fraŭl,单
fregat,舰
frekvenc,频
frekvent,访
fremd,异
frenez,狂
fret,纹
frez,削
frezi,草
freŝ,鲜
frid,冷
frigan,虫
frigid,冷
frikas,煮
fring,燕雀
fripon,骗
frit,炸
fritilari,贝母
frivol,轻浮
friz,卷
frog,辙叉
frok,袍
fromaĝ,酪
frond,叶
front,前
fronton,山花
frost,霜
frot,擦
fru,早
frukt,果
frunt,额
frustr,挫
ftir,虫
ftiz,结核
fuel,燃
fuk,藻
ful,缩
fulg,烟灰
fulgor,蜡蝉
fulm,闪
fulmar,鸟
fulmin,轰
fum,烟
fund,底
fundament,基
funebr,丧
funel,漏斗
fung,菌
fungus,菌
funikl,索
funkci,功
funt,磅
fuort,堡
furaĝ,饲
furier,军需
furioz,狂
furor,热
furunk,毒疮
furz,屁
fusil,枪
futbal,球
futur,未
fuz,信管
fuze,引信
fuzi,聚变
fuzulin,虫
fuĝ,逃
fuŝ,拙
gad,鱼
gadolini,金
gage,草
gain,套
gaj,欢
gajak,愈疮木
gajl,树瘤
gajn,赢
gal,胆
galag,猴
galaksi,星系
galang,草
galant,殷勤
galb,凸
galbul,鸟
galen,方铅矿
galeops,草
galer,桨船
galeri,廊
galg,草
gali,金
galin,鸡
galinag,鸟
galon,饰带
galop,驰
galoŝ,套鞋
galvan,电
gam,阶
gamar,虾
gamb,腿
gamet,配子
gami,配
gang,脉石
gangli,节
gangren,坏死
gant,手套
gap,呆
garanti,保
garaĝ,库
garb,束
garcini,木
gard,守
gargar,漱
gari,木
garn,装
garnitur,饰
garnizon,守
garol,松鸦
gas,气
gast,客
gasteroste,刺鱼
gastr,胃
gastronomi,烹
gavi,潜鸟
gaz,纱
gazel,瞪羚
gazet,报
gazon,草坪
gaŭlteri,木
gaŭr,兽
gaŭĝ,测
ge,双
geastr,菌
gehen,狱
gej,同性
gejŝ,艺妓
gelaten,明胶
gem,玉
gen,生
gencian,龙胆
genea,系
gener,生
generaci,代
general,将
generator,发电
genetik,遗传
genez,源
geni,才
genr,属
gent,族
genu,膝
geo,地
geodezi,测地
geografi,地
geotrup,虫
gerani,花
geril,游击
geris,虫
germanium,金
gesneri,草
gest,姿
gibon,猴
gigant,巨
gilotin,断头
giloŝ,编纹
gimnast,操
gimnastik,操
gimnazi,校
gimnosperm,裸子
gimnot,电鱼
ginek,女
gingiv,牙肉
ginseng,草
gip,鸟
gips,石膏
gir,旋
girland,花环
giro,旋
giromitr,菌
gis,铸
gist,酵母
giĉet,窗
glac,玻
glace,泽
glaci,冰
glad,烫
glan,橡
gland,腺
glas,杯
glat,滑
glav,剑
glaĉer,冰川
glediĉi,木
glicer,甘油
glicerin,甘油
glicerol,甘油
glicin,大豆
gliciriz,甘草
glik,糖
glikogen,糖原
glikol,醇
glim,云母
gliptik,玉雕
glir,睡鼠
glis,滑翔
glit,滑
glob,球
globin,珠蛋白
globul,血球
globulin,球蛋白
glomerul,球
glor,荣
glorioz,草
glos,注
glosin,虫
glosopterid,草
glot,声门
glu,胶
glucid,糖
gluk,糖
glukoz,糖
glum,颖
glut,吞
glutam,谷氨
gluten,面筋
gnafali,草
gnet,木
gnidi,草
gnostik,知
gobi,鱼
gobius,虾虎
gofr,压花
gol,球门
golf,湾
goliard,游学
goliat,虫
gomb,草
gonad,性腺
gondol,舟
goni,角
gonidi,藻
gonokok,淋菌
gordi,虫
goril,猩
gorĝ,喉
gosipi,草
grac,恩
graci,雅
gracil,纤
grad,度
graf,记
grafi,志
grafik,图
grafit,石墨
grajl,雹
grajn,粒
grak,啼
gram,克
gramatik,语法
gramin,禾
granat,榴
grand,大
grandioz,宏
granit,花岗岩
granul,粒
granulom,粒瘤
grapfrukt,果
grapl,钩
grapol,串
gras,脂
grat,抓
graten,烤
gratifik,赏
gratiol,草
gratul,贺
grav,重
graved,孕
graviol,果
gravit,引
gravur,刻
greb,潜鸟
greft,嫁接
greg,群
gren,谷
grenad,手雷
grenat,石榴
gres,牧草
gri,碎粒
grif,狮鹰
grifel,石笔
gril,蟋
grimac,皱
grimp,爬
grinc,轧
grindeli,草
grip,流感
griz,灰
groc,罗
grop,臀
gros,醋栗
grosulari,木
grot,洞
grotesk,怪
groŝ,分
gru,鹤
grumbl,怨
grumel,块
grumiŝam,木
grund,土
grunt,哼
grup,团
gruz,砾
guaŝ,水粉
guberni,省
gudr,焦油
gujav,果
gujdak,贝
gulaŝ,煮牛
gum,胶
gumigut,藤黄
gurd,摇琴
gust,味
gut,滴
guta,木
guvern,教养
guĝ,凿
gvajak,愈疮木
gvanak,兽
gvaran,木
gvardi,卫
gvat,监
gvemul,兽
gvid,导
ha,啊
hafni,金
hagi,圣
hajk,短诗
hajl,雹
hak,砍
hal,厅
haladz,臭
halebard,矛
haliaet,鸟
haliker,兽
halo,晕
halofit,草
halogen,卤
hals,帆索
halt,停
halter,哑铃
halucin,幻
hamamelid,木
hamstr,仓鼠
handikap,障
hangar,棚库
hapal,猴
har,毛
hard,硬
haring,鱼
harmon,谐
harmoni,谐
harmonik,琴
harmonium,风琴
harp,琴
harpagofit,草
harpal,虫
harpun,叉
haspel,绕
hast,匆
hav,有
haven,港
hazard,偶
haĉ,划
haĝ,朝拜
haŭt,皮
he,喂
hebet,钝
heder,藤
hedizar,草
hedon,乐
hegemoni,霸
hejm,家
hejt,热
heks,六
heksa,六
heksagon,六角
hektar,公顷
hekto,百
hel,亮
helebor,草
heli,气
heliant,向日葵
helic,螺
helik,螺
helikoni,草
helikopter,直升机
helio,日
helium,气
helm,盔
helmint,蠕
help,助
hemant,草
hemat,血
hematoksil,木
hematop,鸟
hemi,半
hemisfer,半球
hemo,血
hemoragi,出血
hen,嘶
hepat,肝
hepatik,肝草
heraldik,徽
herb,草
hered,继
herez,异端
hermafrodit,两性
hermetik,封
herniari,草
hero,杰
herold,告
herpest,兽
herpet,泡疹
hesperid,草
hesperornit,黄昏鸟
hetero,异
heterodin,外差
heve,木
hezit,犹
heĝ,篱
hiacint,风信子
hibisk,芙蓉
hibrid,杂
hidatid,包虫
hidn,菌
hidr,水
hidrarg,汞
hidrastid,草
hidrat,水合
hidraŭlik,液压
hidrid,氢化
hidrokarit,草
hidroker,鼠
hidrokotil,草
hieraci,草
hierarki,级
hieratik,祭
hieraŭ,昨
hierodul,庙奴
hieroglif,象形
hif,菌丝
hifolom,菌
higien,卫
higr,湿
higrocib,菌
higrofor,菌
hihi,嘻
hikori,木
hil,蛙
himalaj,雪松
himantop,鸟
himantopod,鸟
himen,处女膜
himene,木
himn,颂
hin,兽
hiosciam,草
hipeastr,草
hiper,超
hiperbol,曲
hipermetrop,远
hipn,苔
hipnot,催眠
hipo,亚
hipofe,木
hipofiz,垂体
hipokastan,木
hipokondri,疑病
hipokrit,伪善
hipola,鸟
hipoman,木
hipotek,抵
hips,高
hipurid,草
hirt,蓬
hirud,吸血虫
hirund,燕
his,升
hist,织
histerez,滞
histeri,狂
histori,史
histrion,丑
ho,喂
hobi,好
hodiaŭ,今
hoj,喂
hok,钩
hoke,曲棍球
holk,草
holmi,金
holo,全
holost,草
holoste,硬骨
holoturi,海参
hom,人
homeopati,顺势
homo,同
homotet,位似
homoteti,位似
homotop,同伦
homotopi,同伦
honest,诚
honor,誉
honorari,酬
hont,耻
hor,钟
horde,麦
hordelim,草
horizont,界
horizontal,横
horloĝ,钟
hormon,激素
horor,怖
hortikultur,园艺
hospital,医
hosti,圣饼
hotel,馆
hu,吓
hub,田
huf,蹄
hul,壳
hulman,猴
hum,腐土
human,仁
humid,湿
humil,谦
humor,情
humul,草
humur,谐
hund,犬
hup,鸣
hur,木
hura,万岁
hurd,栅
hurl,嚎
ia,某a
ial,某因
iam,某时
iberis,草
icid,杀
id,子
ide,意
ideal,想
ident,同
ideologi,观
idili,田园
idiom,语
idiot,愚
idl,空
idol,偶像
idus,鱼
ie,某e
iel,某样
ies,某之
ig,使
ignor,忽
igvan,龙
igx,成
ik,学
ikneŭmon,虫
ikon,圣像
iksi,草
iksor,木
ikt,拍
iktio,鱼
iktiosaŭr,鱼龙
il,具
ile,肠
ileks,冬青
ili,他们
iliak,盆骨
ilumin,照
ilustr,图
iluzi,幻
imag,想
imagin,成虫
imaginar,虚
imanent,内
imbecil,痴
imit,仿
imortel,草
impatient,草
imperativ,令
imperator,帝
imperfekt,未完
imperi,帝
imperial,顶
impertinent,放肆
impet,突
impetig,脓疮
implic,含
implik,缠
impon,威
import,进
impost,税
impotent,性无能
impoŝt,拱座
impregn,浸
impres,印
impresion,印象
improviz,即兴
impuls,冲
imun,免
in,女
inaŭgur,开
incendi,焚
incens,香
incid,射
incident,附
incit,惹
inciz,切
ind,值
indeks,索
indi,金
indic,征
indiferent,冷
indig,蓝
indign,愤
indik,指
indikator,指
individu,个
individual,个
indiĝen,土著
indri,猴
induk,感
indukt,诱
induktanc,电感
indulg,饶
industri,业
inerci,惯
inert,惰
infan,童
infanteri,步兵
infarkt,梗
infekt,染
infer,狱
inferenc,推
infest,患
infiltr,浸
infinit,无
infinitezim,微
inflaci,胀
inflam,炎
infloresk,花序
influ,影
influenc,感
inform,告
infraruĝ,红外
infuz,泡
ing,座
inhal,吸
inhib,抑
inhibici,抑
inic,授
iniciat,创
injekt,注
ink,墨
inkandesk,白热
inklin,倾
inklud,含
inkluziv,含
inkognit,匿
inkrust,嵌
inkub,梦魔
inkvizici,审判
inocent,无罪
inocib,菌
inokul,种
insekt,虫
insert,插
insid,陷
insign,徽
insil,窖藏
insinu,影射
insist,坚
inspekt,检
inspektor,检
inspir,启
instal,装
instanc,当局
instig,唆
instinkt,本
instituci,构
institut,院
instru,教
instrukci,训
instrument,器
insul,岛
insulin,胰岛素
insult,侮
int,过
integr,全
integral,积分
intelekt,智
inteligent,聪
intenc,意
intendant,管
intens,烈
inter,间
interes,趣
interez,利
interfer,涉
intermit,断
intern,内
interpelaci,质询
interpol,插
interpret,译
interpunkci,标点
interstic,隙
interval,间隔
intervju,访
intest,肠
intim,亲
intra,内
intrig,谋
introspekt,内省
introvertit,内向
intuici,直觉
inul,草
inund,淹
invad,侵
invalid,残疾
invent,创
inventar,盘
invers,逆
inversi,倒
invert,转
invest,投资
investitur,任
invit,邀
involukr,总苞
inĝenier,技
io,某o
iom,某量
ion,离子
ip,虫
ipek,吐根
iperit,芥气
ipome,草
ir,往
iredent,待收
irid,花
iridi,金
irigaci,水渠
iris,虹膜
irit,恼
iriz,虹
ironi,反
iski,坐骨
iskiat,坐神
ism,主义
ist,家
istm,峡
it,受
iteraci,迭
iterbi,金
itri,金
iu,某u
iv,能
iz,化
izatid,草
izatis,兽
izo,等
izol,隔
izolepid,草
izomer,异构
izotop,同位素
iĝ,成
ja,确
jabiru,鸟
jaborand,木
jad,玉
jak,服
jakarand,木
jakt,艇
jakv,菠萝蜜
jalap,泻块根
jam,已
jamb,抑扬
jambos,木
januar,一月
jar,年
jard,码
jasp,纹
jazion,草
jaĥt,艇
jekci,射
jen,这
jes,对
jet,喷
jing,鸟
jod,碘
jodl,假声
jogurt,酸乳
johimb,木
jon,离子
jor,偏
ju,越
jubile,庆典
jug,束缚
jugland,核桃
jujub,枣
juk,痒
jul,圣诞
juli,七月
jun,幼
jung,套
juni,六月
juniper,杜松
junkr,地主
junt,接
jup,裙
jur,法
just,公
justic,义
jut,黄麻
juvel,宝
juĝ,判
kabal,秘
kaban,庐
kabinet,阁
kabl,缆
kac,阳具
kacur,木
kad,木
kadavr,尸
kadenc,律
kadmi,金
kadr,框
kadrat,空铅
kaduk,朽
kaguang,兽
kahel,瓷砖
kairin,鸟
kaj,和
kajen,辣
kajeput,木
kajer,册
kajut,舱
kak,屎
kakemon,挂轴
kaki,土黄
kakinok,柿
kakofoni,噪
kakt,仙人掌
kal,茧
kala,草
kalabas,葫芦
kaladi,草
kalam,木
kalamagrostid,草
kalamint,草
kalandr,压光
kalate,草
kalceolari,草
kalci,钙
kalcin,烧
kalcitr,踢
kaldron,锅
kalejdoskop,万花筒
kalend,初一
kalendar,历
kaleŝ,车
kalfatr,填
kali,钾
kalibr,径
kaliceb,猴
kalidr,鸟
kaliforni,金
kaligraf,书法
kalik,杯
kalikot,布
kalistegi,旋花
kalitrik,草
kalitriks,猴
kalitris,木
kalk,灰
kalkan,跟
kalkul,算
kalkulus,结石
kalm,静
kalmar,鱼
kalosom,虫
kalot,冠
kalson,裤
kalt,草
kalumni,谤
kalun,木
kalv,秃
kalvari,受难
kam,凸轮
kamarad,伴
kambi,汇
kameciparis,木
kamel,驼
kameleon,变色龙
kameli,茶
kamemel,草
kamemor,草
kamen,炉
kamer,室
kamera,摄
kamerops,木
kamfor,樟
kamion,车
kamomil,甘菊
kamp,田
kampanj,役
kamufl,伪
kan,苇
kanab,麻
kanajl,恶棍
kanal,渠
kanang,木
kanap,长椅
kanari,雀
kancelari,办公
kancelier,首相
kancer,癌
kand,糖
kandel,烛
kandid,菌
kandidat,候
kanel,槽
kanguru,袋鼠
kanibal,食人
kanis,犬
kankr,虾
kanon,炮
kanonik,会士
kanot,舟
kant,唱
kantalup,草
kantarel,鸡油菌
kanton,州
kantonment,营
kanu,舟
kanzon,曲
kaolin,瓷土
kaos,混乱
kap,头
kapabl,能
kapacit,容
kapacitanc,容
kape,停
kapel,祈堂
kaper,劫
kapilar,毛细
kapital,资
kapitan,长
kapitel,柱头
kapitol,议堂
kapitulac,降
kapok,木棉
kapor,山柑
kapr,羊
kapreol,鹿
kapric,任
kaprifoli,忍冬
kaprimulg,夜鹰
kapriol,跳
kapsik,辣
kapstan,绞盘
kapsul,囊
kapt,捕
kapucen,帽
kapus,航向
kapuĉ,帽
kar,亲
kara,藻
karab,虫
karaben,马枪
karadri,鸟
karaf,瓶
karagan,木
karak,商舶
karakal,耳猫
karakter,格
karakteriz,特
karaktr,字
karakul,羊
karambol,撞
karamel,焦糖
karavan,队
karb,炭
karbon,碳
karbonar,烧炭党
karbunkl,毒疮
karbur,碳
karcer,牢
karcin,虾
karcinom,癌
kard,刺草
kardamom,草
kardan,万向
kardi,心
kardinal,枢机
kardj,胃门
kardu,草
karduel,鸟
kareks,草
karen,龙骨
kares,抚
karet,龟
karg,货
kari,蛀牙
karibu,兽
karier,涯
karik,木瓜
karikatur,讽
kariljon,钟琴
kariofil,丁香
karis,假虎刺
karite,木
karj,山核桃
karmezin,深红
karmin,洋红
karn,肉
karnaval,狂欢
karo,方块
karob,角豆
karoseri,车身
karot,胡萝卜
karoten,萝卜素
karp,鲤
karpel,心皮
kart,卡
kartam,草
kartel,盟
kartilag,软骨
karton,板
kartoĉ,壳
karum,草
kas,库
kased,盒
kaserol,锅
kasi,腊肠树
kask,盔
kaskad,级
kaskaril,木
kasked,帽
kason,沉箱
kast,种姓
kastane,木
kastel,城
kastor,河狸
kastr,去势
kat,猫
katabol,分解
katafor,下指
kataliz,催
katalog,录
katalp,木
kataplasm,膏
katapult,射
katar,炎
katarakt,白内障
katarant,草
katari,草
katart,鸟
katastr,地籍
katastrof,灾
katedr,座
kategori,类
katekiz,诲
katen,链
kateter,管
kateĉu,儿茶
kateĥiz,诲
katgut,肠线
katiz,压
katlej,草
katod,阴
katokal,虫
kav,洞
kava,木
kavaleri,骑
kavalir,士
kavern,洞
kavi,鼠
kaz,例
kaze,凝
kazern,营
kazu,疑难
kazuar,鹤鸵
kazuaren,木
kaĉ,粥
kaĝ,笼
kaĥeksi,衰
kaĵol,奉
kaŝ,藏
kaŝtan,栗
kaŭci,保
kaŭkalid,草
kaŭlerp,藻
kaŭr,蹲
kaŭri,木
kaŭstik,蚀
kaŭter,灼
kaŭz,因
kaŭĉuk,胶
ke,事
kebab,烤肉
kebraĉ,木
kegl,柱
keir,草
kejl,钉
kel,窖
kelk,些
kelner,侍
keloni,龟
kemi,化学
kenomel,木
kenopodi,草
kep,军帽
kerat,角
kern,核
kest,箱
kia,何a
kial,何因
kiam,何时
kiang,兽
kibic,多嘴
kidnap,拐
kie,何e
kiel,何样
kies,何之
kil,龙骨
kilo,千
kilometr,千
kimon,和服
kin,映
kinet,动
kinez,动
kio,何o
kiom,何量
kiral,手
kiras,甲
kirl,涡
kiromanci,手相
kironekt,兽
kiropraktik,整脊
kirurg,外科
kirurgi,外科
kis,吻
kist,囊肿
kitel,罩
kiti,鸟
kiu,何u
kiv,猴桃
kivi,鸟
kiĉ,俗
klab,棍
klad,支
kladik,支学
klaft,寻
klak,响
klamidomonad,藻
klap,瓣
klar,清
klarion,嘹
klas,级
klasifik,类
klasik,典
klast,屑
klatr,菌
klav,键
klavari,菌
klaĉ,谣
klaŭn,丑
klaŭz,款
klejstogam,闭花
klem,夹
klematit,草
klementin,木
kleom,草
klepto,偷
kler,文
klerik,教士
klerikal,教权
klerodendr,木
klient,客
klif,崖
klik,爪
klimaks,顶
klimat,气候
klimatiz,调
klin,斜
kling,刃
klinik,诊
klip,夹
klister,灌
klitocib,菌
klitor,阴蒂
klitori,草
kliv,劈
kliŝ,铸版
kloak,沟
klopod,尽
klor,氯
klorel,藻
klorofil,叶绿
kloroform,氯仿
kloroz,萎黄
klostr,修院
klozet,厕
kloŝ,罩
klub,社
kluk,咕
klupe,鱼
kluz,闸
kluzi,木
kluĉ,合
knab,郎
knal,啪
knar,吱
knaŭti,草
kned,揉
knedlik,面团
knid,刺胞
knik,座屈
knokaŭt,击倒
knut,鞭
koagul,凝
koaks,焦
koalici,盟
kobalt,金
kobe,木
kobitid,鱼
kobold,精灵
kobr,眼镜蛇
kod,码
kodeks,典
koder,码元
kodon,密码子
koeficient,系数
koendu,兽
kofe,木
kofr,箱
kogn,识
koher,贯
koincid,巧合
koit,交
kojl,结肠
kojon,卵
kok,鸡
kokcidi,球虫
kokerik,啼
koket,媚
kokl,木
kokle,耳蜗
kokleari,草
kokluŝ,百日咳
kokolit,颗石
kokolob,木
kokon,茧
kokos,椰
kokotraŭst,鸟
kokr,奸
koks,股
koktel,鸡尾酒
kol,颈
kola,木
kolaps,崩
kolazion,加餐
kolb,托
kolbas,肠
kole,胆
koleg,伴
kolegi,院
kolekt,集
kolektiv,集
koler,怒
kolerik,怒
kolesterol,胆醇
kolibi,菌
kolier,项链
kolik,绞痛
kolimat,准直
kolin,胆碱
kolizi,撞
kolob,猴
kolocint,药瓜
kolofon,松香
koloid,胶
kolokazi,草
kolomb,鸽
kolon,柱
kolonel,上校
koloni,殖
kolor,色
kolos,巨
kolport,贩
kolubr,蛇
kolumn,栏
kolute,木
koluzi,谋
kolz,油菜
kolĉik,秋水仙
kolĥoz,农社
kom,逗
komand,令
komat,昏
komb,梳
kombin,合
kombret,木
kombu,藻
komedi,剧
komelin,草
komenc,始
koment,评
komentari,注
komerc,商
komet,扫星
komfort,舒
komifor,木
komik,笑
komisar,专员
komisi,委
komision,委
komitat,委
komiz,员
komoci,震荡
kompakt,密
kompani,伴
kompar,较
komparativ,较
kompas,罗盘
kompat,怜
kompendi,概
kompens,补
kompetent,能
kompil,编
kompiler,编译
kompleks,复
komplement,补
komplet,全
komplez,惠
komplic,同谋
komplik,复
kompliment,赞
komplot,谋
kompon,组
kompost,排
kompot,糖煮
kompozit,菊
kompoŝt,堆肥
kompren,解
kompres,敷
kompromis,妥协
kompromit,损
kompuls,逼
komput,算
komun,共
komuni,圣餐
komunik,传
komut,换
kon,认
konced,让
koncentr,集
koncept,概
koncern,涉
koncert,奏
koncesi,特许
koncili,宗会
koncip,孕
konciz,简
kondamn,判
kondens,凝
kondiment,佐
kondiĉ,件
kondolenc,哀
kondr,软骨
kondrostom,鱼
konduk,导
kondukt,导
kondut,举
koneks,连
konekt,连
konfekci,成衣
konferenc,会
konfes,认
konfesi,派
konfid,信
konfidenc,秘
konfirm,确
konfirmaci,坚信礼
konfisk,没收
konfit,糖
konflikt,冲
konform,合
konfront,对质
konfuz,乱
kongel,冻
kongest,淤
konglomer,团
kongr,鱼
kongres,会
kongru,合
koni,毒参
konik,锥线
koniz,草
konjekt,猜
konjugaci,变位
konjunkci,合
konjunktiv,结膜
konjunktur,景气
konk,贝
konkav,凹
konker,克
konklav,秘会
konklud,结
konkord,和合
konkret,具
konkub,内缘
konkur,竞
konkurenc,竞
konkurs,竞
konsci,觉
konscienc,良
konsekr,献
konsekvenc,果
konsent,赞
konserv,存
konservativ,存
konsider,虑
konsign,寄
konsil,议
konsili,议
konsist,成
konsol,慰
konsolid,草
konsonant,辅
konspir,谋
konstant,恒
konstat,确
konstelaci,星座
konstern,惊
konstip,便秘
konstituci,宪
konstru,建
konsul,领事
konsult,询
konsum,耗
kont,账
kontakt,接
kontant,现
kontaĝ,染
kontempl,冥
kontener,箱
kontent,满
kontest,异议
kontinent,陆
kontingenc,偶
kontingent,额
kontinu,续
kontor,所
kontra,反
kontraband,走私
kontrah,缩
kontrakt,约
kontralt,女低
kontrast,对
kontraŭ,对
kontribu,贡
kontrol,检
kontumac,缺席
kontur,廓
kontuz,挫伤
konus,锥
konval,铃兰
konvalesk,愈
konveks,凸
konvekt,对流
konven,适
konvenci,约
konversaci,谈
konvert,转
konverĝ,汇
konvikt,判
konvink,服
konvoj,护
konvulsi,抽风
konzol,台
kooper,协
kooperativ,协
koopt,增补
koordinat,坐标
kopaifer,木
kopaiv,木
kopal,脂
kopi,复
kopr,椰干
kopren,菌
kopris,虫
kopul,交配
kopulaci,配
kor,心
koraci,鸟
korak,渡鸦
koral,虫
koralin,藻
koraloriz,草
korb,篮
korbel,托
kord,弦
kordon,带
korekt,改
korelaci,相关
korelativ,相关
koreops,草
korespond,通
kori,绒膜
koriandr,香菜
koridal,草
koridor,廊
korifen,鱼
koriks,虫
koril,木
kork,塞
korkor,草
korm,茎叶体
korn,角
korne,角膜
kornet,短号
kornic,檐
kornik,鸦
kornus,木
korod,蚀
koroid,脉膜
korol,花冠
koron,日光环
koronari,冠
koronel,蛇
koronil,草
korp,体
korpulent,胖
korpus,军团
korpuskl,粒
korsak,兽
korsar,私掠
korset,束腰
kort,院
kortici,菌
kortik,皮
kortinari,菌
korupt,贿
korus,合唱
korv,鸦
korvet,护舰
kosm,宇
kosmetik,妆
kosmopolit,泛
kost,费
kostum,装
kot,泥
kotiledon,子叶
kotiz,纳
kotlet,排
koton,棉
kov,孵
kovert,封
kovr,盖
koĉ,红虫
koĉer,驾
krab,蟹
krabl,爬
krad,栅
krajon,笔
krajt,蛇
krak,啪
kraken,饼
kraks,冠鸡
kramf,抽筋
kramp,夹
kran,栓
krangon,虾
krani,颅
krank,曲柄
krasul,厚叶
krat,治
krater,坑
kraterel,菌
krati,治
kravat,领带
kraĉ,吐
kraŝ,坠
kre,创
kred,信
kredit,贷
krek,鸟
kreks,鸟
krem,酪
kremaci,火葬
krement,变
kreml,城堡
krenel,垛
kreozot,木馏
krep,皱绸
krepusk,昏
kres,草
krescenti,木
kresk,育
kresp,饼
krest,冠
kret,白石
kreten,痴
krev,裂
kri,叫
kribr,筛
kril,虾
krim,罪
kriminal,刑
krin,颈毛
krinum,草
krio,冻
kripl,残
kript,墓窖
kriptogram,草
kripton,气
krisol,熔锅
krisp,皱
kristal,晶
kristalin,晶体
krit,临界
kritik,评
kritm,草
kriz,危
krizantem,菊
krizomel,虫
krizop,虫
kriĉ,尖叫
krokiz,草
krokodil,鳄
krom,外
kromat,色
kromatin,染色质
kromi,金
kromosom,染色体
kron,冠
kronik,慢
krop,食袋
krotalari,草
kroton,草
kroz,巡
krozofor,草
kroĉ,钩
kroĉet,钩
kruc,十字
krud,粗
kruel,残
krur,腿
krust,壳
krut,陡
kruĉ,壶
ksanti,草
ksantom,黄瘤
ksantosom,草
ksen,外
ksenon,气
kser,干
ksestobi,虫
ksil,木
ksiloste,木
kub,方
kubeb,木
kubut,肘
kudr,缝
kuf,帽
kugl,弹
kuir,烹
kuk,糕
kukol,鹃
kukum,瓜
kukumis,草
kukurb,瓜
kul,蚊
kulas,尾
kuler,勺
kulis,幕
kulm,茎
kulmin,顶
kulot,短裤
kulp,罪
kult,拜
kultiv,栽
kultur,耕
kulvert,暗渠
kumar,木
kumulus,积
kun,共
kunikl,兔
kupel,炼
kupl,连
kupol,圆顶
kupon,券
kupr,铜
kupres,木
kur,跑
kurac,医
kurar,箭毒
kurator,监护
kuraĝ,勇
kurb,曲
kurent,电流
kuret,刮匙
kuri,廷
kurier,信使
kurioz,奇
kurkuli,象甲
kurm,果
kurs,课
kursiv,斜
kurt,短
kurten,帘
kuruk,鸟
kurz,价
kus,木
kusen,垫
kuskut,草
kusp,倒
kuspid,尖
kut,袍
kutim,习
kuv,桶
kuz,堂
kuŝ,躺
kvadrat,方
kvadratur,求积
kvalifik,称
kvalit,质
kvankam,虽
kvant,量
kvantum,量子
kvar,四
kvaranten,隔
kvarc,石英
kvartal,区
kvartet,四重
kvartir,营
kvasi,木
kvast,穗
kvaternar,四
kvazaŭ,如
kvecal,鸟
kver,咕
kverel,吵
kverk,橡
kvest,募
kvestor,财务官
kvi,静
kviet,静
kvik,麦草
kvin,五
kvit,偿
kvitanc,证
kvivit,鸣
kvocient,商
kvorum,足数
kvot,额
lab,皱胃
labi,唇
labial,唇
labil,易变
labirint,迷宫
labor,劳
laboratori,实验室
labr,鱼
labrusk,草
laburn,木
lac,疲
lacert,壁虎
lad,板
ladan,香脂
laf,熔岩
lag,湖
lagoftalm,兔眼
lagop,鸟
lagopod,鸟
lagostom,鼠
lagotrik,猴
lagr,承
lagun,泻湖
laik,俗
lak,漆
lakari,菌
lake,媚
lakmus,石蕊
lakon,简
laks,泻
lakt,乳
laktari,菌
laktuk,生菜
lam,跛
lamen,片
lament,哀
lami,野芝麻
laminat,轧
lamn,鱼
lamp,灯
lampetr,鱼
lampir,萤
lamprid,月鱼
lan,毛
lanc,矛
lancin,刺
land,国
lang,舌
langvor,倦
lani,鸟
lant,缓
lantan,金
lantern,灯笼
lanug,茸
lanĉ,发
lap,菜
lapar,腹
lapil,火砾
lapsan,草
lar,鸥
lard,脂
larg,宽
larici,木
larik,落松
laring,喉
larm,泪
larv,幼虫
larĝ,宽
las,留
laser,激光
last,末
lat,条
latent,潜
later,边
latimeri,鱼
latir,香豌豆
latis,格
latitud,纬
latre,草
latun,黄铜
lav,洗
lavandul,草
lavang,雪崩
lavend,香草
lavsoni,木
laz,套
lazaret,检疫院
lazur,蓝
laĉ,带
laŭ,按
laŭb,棚
laŭd,赞
laŭr,桂
laŭrenci,金
laŭs,虫
laŭt,响
le,背风
leandr,虾
lecide,菌
lecion,课
lecitid,木
led,革
leg,读
legac,遗赠
legend,传
legionel,军团菌
legitim,正
legom,菜
legumen,豆
leguzi,草
lek,舔
lekanor,菌
lekant,菊
lekci,讲
leksik,词汇
leksikon,词典
lem,引理
lemn,草
lens,镜
lentan,五色梅
lentibulari,草
lentisk,木
leon,狮
leontodon,草
leopard,豹
lepad,虾
lepidi,草
lepiot,菌
lepist,菌
lepor,兔
lepr,麻风
lept,虫
leptinotars,虫
leptocefal,鱼
leptospir,菌
lern,学
lert,巧
lesiv,碱
letargi,嗜睡
leter,信
lev,举
levistik,草
lez,伤
leĝ,律
leŭcin,亮
leŭcisk,鱼
leŭkant,草
leŭkemi,白血病
leŭko,白
leŭkocit,白胞
leŭkoj,草
leŭtenant,尉
li,他
liber,自由
liberal,宽
libertin,荡
libr,书
lic,许
lice,校
licen,虫
licenc,许
licenci,士
lici,果
lien,脾
lift,梯
lig,结
ligatur,结扎
lige,草
lign,木
ligustr,女贞
lik,漏
liken,地衣
likoperd,菌
likopersik,草
likopodi,石松
likv,液
likvesk,潮解
likvid,清
likvidambar,木
likvor,酒
lili,百合
liliput,微
lim,界
limak,蜗牛
limb,叶
lime,青柠
limed,甜柠
limf,淋
limfat,淋
limne,贝
limon,柠檬
limonad,柠檬水
limoni,草
limoz,鸟
limul,蟹
lin,亚麻
linari,草
lind,娇
line,线
linear,线
lingv,语
lingvistik,学
lini,线
link,山猫
linotip,铸排
linĉ,刑
lip,唇
lipid,脂
lir,琴
lirik,抒
liriodendr,木
lisp,咬舌
list,表
listel,边
lit,床
liter,字
literatur,文
liti,金
litiaz,结石
litops,草
litorn,鸟
litosperm,草
litr,升
litrum,草
liturgi,礼拜
liv,左
liver,供
livi,鸽
livid,青
livre,制服
liz,解
lizin,赖
liĉi,荔
liĝe,虫
ljam,兽
lob,叶
lobari,菌
lobi,游说
lof,迎
lofi,蛤蟆鱼
log,学家
loganber,果
logani,草
logaritm,对数
logi,学
logik,理
lojal,忠
lok,处
lokal,室
lokomotiv,机车
lokust,蝗
lokustel,鸟
lol,毒麦
loli,草
lombard,当
long,长
longan,木
longitud,经度
lontan,远
lop,翻
lorant,木
lord,卿
lori,鸟
loris,猴
lorn,镜
lot,签
loteri,彩
lotus,莲
loz,散
lozanĝ,菱
loĝ,住
lu,租
lubrik,润滑
lucern,灯
lud,玩
lugr,帆船
luk,口
lukan,锹甲
lukr,赚
luks,奢
luksaci,脱臼
lukt,搏
lul,摇
lum,光
lumb,腰
luminesk,荧
lun,月
lund,月
lup,狼
lupe,镜
lupol,蛇麻
lut,焊
luteci,金
lutr,兽
lutreol,兽
luzul,草
luĝ,雪车
macer,浸
madi,草
madrigal,情歌
maduk,木
madz,钉头锤
mag,巫
magazen,仓
magi,魔
magistr,硕
magistrat,官
magm,岩浆
magnet,磁
magnetofon,磁
magnezi,金
magnoli,木
magot,猴
maiz,玉米
maj,五月
majest,庄严
majn,鸟
majstr,师
majuskl,大
makadam,碎石
makaon,虫
makaroni,管面
makeri,木
makis,丛
makler,介
makro,宏
makrop,袋鼠
maksim,格言
maksimum,极
makul,污
mal,反
malari,疟
male,捶
maleol,脚腕
malgraŭ,不顾
malic,恶
malign,恶
malt,麦芽
malus,木
malv,葵
mam,乳
mamon,财魔
mamut,巨象
man,手
mancinel,毒苹
mandaren,官
mandarin,橘
mandat,委
mandril,猴
maneĝ,驯马
mang,芒果
mangan,锰
mangifer,木
mangl,红树
mangostan,木
mangrov,木
mani,狂
manier,式
manifest,显
manifestaci,示
manihot,草
manik,袖
manikur,美甲
manilkar,木
maniok,薯
manipul,操
manis,穿山甲
mank,缺
manometr,压计
manovr,操
mantel,披
manufaktur,造
manuskript,稿
manĝ,食
map,图
mar,海
marabut,隐
marant,草
marasmi,菌
mard,火
margarin,人造油
marin,浸
marionet,偶
mark,标
marketr,嵌
markez,棚
marki,疆
markiz,侯
markot,压
marmelad,果酱
marmit,锅
marmor,大理石
marmoz,兽
marn,泥灰
marod,偷
maroken,软革
maron,栗
marsupi,袋
mart,三月
martagon,草
martel,锤
martes,兽
martir,殉
marubi,草
marĉ,沼
marĉand,讲价
marĝen,边
marŝ,步
mas,团
masakr,屠
masaĝ,摩
mask,罩
maskl,雄
mason,砌
mast,柱
mastik,腻子
mastoid,乳突
mastr,主
masturb,手淫
mat,席
mate,茶
matematik,数学
maten,晨
materi,质
material,材
matiol,草
matrac,垫
matriark,母系
matrikari,草
matrikul,籍
matur,熟
matĉ,赛
mazam,兽
maĉ,嚼
maĵor,大
maŝ,眼
maŝin,机
meandr,蛇
mebl,具
mecenat,庇
medal,牌
medi,境
mediastin,纵隔
medicin,医
medikag,牧草
medikament,药
medit,思
medium,媒
medol,髓
meduz,水母
mefit,鼠
mega,百万
megalo,巨
megateri,兽
meger,悍妇
megom,兆
mehar,赛驼
mejl,里
mejoz,减分
mekanik,械
mekanism,械
mel,鼠
melaleŭk,木
melan,黑
melankoli,郁
melas,糖蜜
meleagr,火鸡
melis,蜂草
melk,挤
melo,虫
melodi,调
meloman,乐迷
melon,瓜
melopsitak,鸟
mem,自
membr,员
membran,膜
memor,记
menci,提
mend,订
mendelevi,金
meniant,草
mening,脑膜
menisperm,草
mens,心
mensog,谎
menstru,月经
ment,薄荷
menton,下巴
mentor,导师
menu,单
mer,链节
mercer,针线
merd,屎
meretric,妓
meretrik,蛤
merg,沉
meridian,子午
merin,羊
mering,蛋白霜
merit,值
meriz,樱
merkat,市
merkred,水
merluĉ,鱼
meruli,菌
merĝ,鸟
mes,祭
mesaĝ,信
mesi,救世
mespil,果
met,置
meta,超
metabol,代谢
metafor,喻
metakarp,掌骨
metal,金
metalurgi,冶金
metamer,段
metan,沼气
metazo,后生
meteo,气
meteor,陨
meti,艺
metil,甲
metilen,亚甲
metod,法
metodik,法
metoksi,甲氧
metr,米
metri,测
metrik,量
metro,地铁
metroksil,木
metropol,都
mev,鸥
mez,中
mezembriant,草
mezere,木
mezomer,共振
mezur,测
meĉ,芯
meĥan,机
meĥanik,械
meĥanism,机
mi,我
miasm,毒气
miaŭ,咪
miceli,菌
micen,菌
micet,菌
midriaz,散瞳
midz,舔吸
miel,蜜
mien,容
migal,蛛
migdal,扁桃
migr,迁
miko,菌
mikoriz,菌
mikot,菌
mikoz,菌症
mikro,微
mikrob,细菌
mikrot,鼠
miks,混
miksin,鱼
mil,千
mild,柔
mile,黄米
mileni,千年
mili,粟
miliard,十亿
milic,民兵
milimetr,毫
milion,百万
milit,战
militar,军
mim,仿
mime,印
mimik,拟
mimoz,含羞
mimul,草
min,矿
minac,胁
minera,矿
mineral,矿
miniatur,缩
minimum,最小
ministeri,部
ministr,臣
minor,小
minoritat,少数
minus,减
minuskl,小
minut,分
miokastor,鼠
miom,肌瘤
miop,近
mioz,缩瞳
mir,惊
mirabil,草
mirakl,奇
miria,万
mirik,木
miring,鼓膜
miristik,木
mirmekofag,兽
miroksil,木
mirt,香桃
mirtel,果
mis,误
misi,使
misil,导弹
miso,豆酱
mister,谜
mistifik,骗
mistik,玄
misĥant,草
mit,神话
mitoz,等分
mitr,冠
mitral,机枪
mitul,蚌
mizantrop,厌人
mizer,惨
mizogin,厌女
mjel,髓
mobil,挂饰
mod,式
modal,式
model,模
moder,适
modern,现
modest,谦
modif,改
modl,塑
modlur,线脚
modul,调
mok,嘲
moks,艾
mol,软
mola,鱼
molar,臼
moldavik,草
molekul,分
molest,虐
moli,木
molibden,金
molini,草
molok,龙
molusk,软体
molv,鱼
momant,矩
moment,刻
momordik,草
mon,钱
monak,僧
monard,草
monark,君主
monarki,君主
monat,月
monaĥ,僧
mond,界
monili,菌
monitor,监
mono,单
monodelf,兽
monodor,木
monofizit,一性
monopol,垄
monster,草
monstr,怪
mont,山
montr,示
monument,碑
mor,俗
moral,德
morb,病
mord,咬
morf,形
morfem,语素
morfi,形
morgaŭ,明
mort,死
morter,浆
mortez,卯眼
moru,鱼
morus,桑
mosk,香
moskit,蚊
most,汁
motacil,鸟
mote,蛾
motiv,由
motor,动
mov,动
mozasaŭr,龙
moŝt,阁
muar,波纹
mucilag,粘液
mud,蜕
muel,磨
muestr,样
muf,套
mufl,炉
mug,木
mugil,鱼
muk,粘
mukor,菌
muld,型
mult,多
multiplik,乘
mulĉ,覆
mumi,干尸
mumps,腮
mung,擦鼻
munici,弹药
municip,邑
munt,装
mur,壁
murd,杀
mureks,贝
murmur,咕
mus,鼠
musend,木
musk,苔
muskarden,鼠
muskardin,僵病
muskat,木
musked,火枪
musket,火枪
muskol,筋
mustard,芥
mustel,鼠
mut,哑
mutaci,突变
mutual,互
muz,诗
muze,馆
muzel,口鼻
muzik,乐
muĝ,吼
muŝ,蝇
naci,族
nadl,针
naft,原油
naiv,朴
naj,蛇
najbar,邻
najl,钉
najtingal,夜莺
nan,矮
nandin,天竹
nandu,鸟
nap,油菜
napalm,凝油
napel,草
narcis,水仙
nardostaki,草
narkot,麻
narkotik,麻
nask,生
nasturti,草
natr,钠
natri,钠
natrik,蛇
natur,然
natural,自然
nav,廊
naved,梭
navig,航
navigaci,航
naz,鼻
nazal,鼻
nazu,兽
naĝ,游
naŭ,九
naŭkrat,鱼
naŭl,木
naŭpli,虾
naŭtik,航
naŭtil,鹦螺
naŭz,呕
ne,不
nebul,雾
nebuloz,星云
neces,必
nef,云
nefr,肾
nefrolepid,草
neg,否
negativ,否
neglekt,忽
negliĝ,便袍
negoc,商
negr,黑
negund,木
nek,也不
nekr,死
nekrofor,虫
nekromanci,招魂
nekropsi,检尸
nektar,蜜
nekton,自游
nelg,不长
nelumb,草
nemakejl,鱼
neni,无
nenia,无a
nenial,无因
neniam,无时
nenie,无e
neniel,无样
nenies,无之
nenio,无o
neniom,无量
neniu,无u
neo,新
neodim,金
neofron,鸟
neologism,新
neon,气
neoten,幼
neoti,鸟巢兰
nep,孙
nepa,虫
nepent,草
nepet,草
nepr,必
neptuni,金
nereid,虫
neritik,浅海
nerv,神经
nervoz,躁
nest,巢
net,清
nev,侄
neĝ,雪
neŭr,神经
neŭrolept,安神
neŭtr,中
neŭtral,中
neŭtrin,中微子
ni,我们
niel,乌银
nigr,黑
nihil,无
nikel,金
nikotin,烟碱
niks,精
niktag,草
nikte,鸟
nimf,精
nimfe,睡莲
niob,金
nit,钉
nitel,藻
nitr,氮
nivel,平
niz,鹰
niĉ,壁凹
nj,女
nobel,贵
nobeli,金
nobl,贵
noc,害
noci,概
nod,结
nokaŭt,击倒
nokt,夜
nom,名
nomad,牧
nombr,数
nomi,学
nominal,名
nominativ,主
nopal,草
nord,北
norm,范
normal,正
nostalgi,怀旧
not,记
notakant,刺背
notari,公证
notofag,树
notonekt,虫
nov,新
nova,新星
noval,荒
novel,篇
novembr,十一月
novic,初
noĉ,刻
nu,嘿
nuanc,微
nub,云
nucifrag,鸟
nud,裸
nudel,面
nuk,项
nukle,核
nuks,果
nul,零
numen,神
numeni,鸟
numer,号
numeral,数
numulit,钱虫
nun,现
nunci,使
nupt,婚
nur,仅
nutr,养
obe,服
obez,胖
objekt,物
objektiv,客
obl,倍
oblat,饼
obligaci,务
oblikv,斜
obscen,淫
obsed,缠
observ,观
observatori,天文台
obskur,暗
obstakl,碍
obstetrik,产科
obstin,顽
obstrukc,阻
obtur,堵
obtuz,钝
obus,弹
ocean,洋
ocel,单眼
ocelot,兽
ocim,草
od,颂
odor,气
oestr,发情
ofend,侮
ofensiv,攻
ofer,献
ofert,供
ofic,职
oficial,官
oficin,药
oficir,军官
ofiur,蛇尾
ofri,草
oft,常
oftalm,目
ogiv,尖拱
oid,似
ojdi,菌
ojstr,虫
ok,八
okapi,兽
okaz,生
okcident,西
okcipit,后脑
okrom,木
oks,牛
oksi,氧
oksid,氧化
oksiur,虫
okt,八度
okta,八
oktant,八分
oktav,八度
oktobr,十月
okul,目
okult,秘
okup,占
okzal,酸模
ol,比
ole,油
olfakt,嗅
oliban,乳香
oligo,寡
oliv,橄榄
omar,龙虾
omaĝ,敬
ombr,影
ombrel,伞
on,分
onagr,马
oncidi,草
ond,波
ondatr,鼠
oni,人
oniks,玛瑙
onim,名
onk,肿瘤
onkl,叔
onkocerk,盘尾
ononid,草
onopord,草
ont,将
op,组
opal,蛋白石
oper,歌剧
operac,作战
operaci,操
operator,算子
opi,鸦片
opilion,盲蛛
opini,想
opon,反
oportun,便
opozici,对
opt,视
optik,光学
optim,乐
optimum,优
opul,木
opunti,草
or,金
orakol,占
orangutan,猴
oranĝ,橙
orator,演说
oratori,清唱剧
orbit,轨
orcin,兽
ord,序
orden,修会
ordin,叙
ordinar,普
ordinat,纵标
ordon,令
orel,耳
orf,孤
organ,器
organik,有机
organiz,组
orgasm,高潮
orgen,琴
orgi,纵欲
orgojl,傲
orient,东
oriental,东
origin,源
original,原
orikterop,兽
orikteropod,兽
oriol,鸟
oriz,草
ork,虎鲸
orkestr,乐
orkid,兰
orkide,兰
orl,缝边
orn,木
ornam,饰
ornit,鸟
ornitogal,草
orobank,草
oronti,草
ort,直角
orto,直
ortodoks,正统
ortografi,拼
ortopedi,矫
osced,欠
oscil,振
osmer,鱼
osmi,金
osmoz,渗
ost,骨
ostaĝ,人质
ostr,蚌
ostrak,陶片
ot,待
otari,兽
ov,卵
ovaci,赞
oval,椭圆
ovari,卵巢
ovi,羊
ovol,卵
oz,富
ozon,臭氧
pac,和
pacienc,忍
pacif,和
pad,径
padel,涉
paf,射
pag,付
pagaj,划
pagan,异
pagel,鱼
pagur,蟹
pajac,丑
pajen,木
pajl,草
pak,包
paksil,菌
pal,苍
palac,宫
palakvi,木
palanken,轿
palat,口顶
palatin,宫伯
palavr,议
pale,内壳
paled,托盘
paleo,古
paleont,古
paleozoik,古生
paletr,调色板
paliativ,缓
palis,桩
palm,棕
palp,摸
palpebr,目皮
palt,大衣
pamflet,批文
pamp,原
pampelmus,果
pan,面包
panak,草
pandal,虾
pandan,木
pane,瘫
panegir,颂
panel,板
panic,粟
panik,慌
panikl,圆锥
pankrati,草
pankreat,胰
panope,贝
panoram,景
pans,敷
pantalon,裤
panter,豹
pantofl,拖鞋
pantomim,哑剧
pap,教皇
papag,鹦
papaj,木瓜
papav,草
papaver,草
papaŭ,木
paper,纸
papili,蝶
papilion,蝶
papilom,乳头瘤
papir,纸草
papirus,纸草
paprik,甜椒
par,偶
parabol,抛
parad,炫
paradiz,天
paradize,极乐鸟
paradoks,悖
paraf,签
parafin,石蜡
paralel,并
paraliz,瘫
paramagnet,顺磁
paranoj,偏执
parantrop,猴
parazit,寄生
paraŝut,伞
parcel,块
pardon,恕
parenc,亲
parentez,括
parfum,香
parget,拼
pariet,壁
parietari,草
paris,草
park,园
parker,背
parlament,议
parmeli,菌
parodi,戏仿
parok,堂区
paroks,极
parol,话
paroniki,草
parotid,腮腺
paroĥ,堂区
part,部
parteni,草
partenocis,草
parti,党
particip,分词
partikl,粒
partikular,私
partner,伴
paru,鸟
parvenu,升
pas,过
pasament,饰带
pasaĝer,客
pase,昔
paser,雀
pasi,情
pasiflor,草
pasiv,被
pask,庆
pasport,护照
past,糊
pastel,含片
pastern,系部
pastiĉ,仿
pastr,牧
pat,锅
patent,特许
pati,情
patienc,草
patn,梁
patos,慨
patr,父
patriark,族长
patric,印
patrici,贵
patriot,爱国
patrol,巡
patron,保
pav,孔雀
pavez,船墙
pavilon,馆
pavim,铺
paĝ,页
paĝi,侍
paŝ,步
paŝt,牧
paŝtel,淡
paŭlini,木
paŭlovni,木
paŭs,摹
paŭt,翘嘴
paŭz,歇
pec,片
pecaj,草
pedagog,教
pedagogi,教
pedal,踏板
pedali,草
pedant,迂
pederasti,童色
pedik,虫
pedikular,草
pedikur,修脚
pedo,童
pedunkl,梗
peg,啄木
pejotl,草
pejzaĝ,景
pek,罪
pekan,山核桃
pekl,盐浸
pel,驱
pelag,浮
pelikan,鸟
pelmel,乱
pelt,皮
pelv,盆
pemikan,干肉
pen,努
penal,罚
pend,挂
pendol,摆
pene,虾
penetr,穿
penicil,菌
penicilin,青霉素
penik,笔
penis,阴茎
pens,思
pense,草
pensi,养老
pension,宿
pent,悔
penta,五
pentagon,五角
pentr,描
peon,卒
peoni,牡丹
pep,叽
pepon,草
per,以
percept,觉
perd,失
perdrik,鸟
pere,亡
perfekt,完
perfid,叛
perfor,穿
pergamen,羊皮纸
peri,围
periferi,周边
perilj,草
period,期
perisore,鸟
peristalt,蠕
peritone,腹膜
perk,鱼
perkol,浸
perkut,撞
perl,珠
perlamot,珠层
permeabl,穿
permes,许
permitiv,介电
permut,换
peron,台
peronospor,菌
perpendikl,垂
perpendikular,垂
perpleks,乱
perse,木
persekut,迫
persik,桃
persikari,草
persimon,柿
persist,坚
person,人
perspektiv,望
persvad,服
perturb,扰
peruk,假发
pervers,邪
perversi,邪
pes,衡
pesim,悲
pest,疫
pesticid,农药
pet,求
petal,瓣
petard,炮
petazit,蜂斗菜
petici,求
petiol,叶柄
petol,玩
petr,岩
petrel,鸟
petrol,油
petromiz,鱼
petrosel,香芹
petuni,草
pez,重
peziz,菌
peĉ,沥青
pi,敬
pian,琴
pic,饼
pice,云杉
pied,足
pierid,蝶
piet,敬
pig,鹊
pigment,色素
pigr,懒
pik,刺
piknik,野餐
pil,电
pilgrim,拜
pilk,球
pilokarp,木
pilol,丸
pilor,幽门
pilot,领航
pilozel,草
piment,多香果
pimpinel,草
pin,松
pina,贝
pinastr,木
pingl,针
pingven,企鹅
pingvikul,草
pinikol,鸟
pinktad,贝
pint,尖
pinĉ,掐
pio,脓
pionir,拓
piore,脓漏
pioĉ,镐
pip,烟斗
piper,椒
pipet,移液
pipi,鸟
pipistrel,兽
pipr,椒
pir,梨
pirakant,木
piral,虫
piramid,锥
piranj,鱼
pirat,海盗
piretr,草
pirit,黄铁矿
pirokorak,鸟
pirol,雀
piruet,旋
pirul,鸟
pirus,木
pis,尿
pist,捣
pistaci,木
pistak,开心果
pistol,枪
pitang,木
piteci,猴
pitiat,劝愈
piton,巨蛇
pivot,旋
piz,豌
piĉ,阴户
piĵam,睡
piŝt,活塞
pjel,肾盆
plac,场
placent,胎盘
plad,皿
plafon,顶
plag,灾
plagiat,窃
plak,板
plan,划
pland,足底
plane,翼
planed,星
plank,板
plankton,浮游
plant,植
plantag,车前
plasm,浆
plasmopar,菌
plast,塑
plasti,塑
plastid,质体
plastik,塑
plat,扁
platale,鸟
platan,悬铃木
platen,白金
platform,纲领
platiceri,草
plazi,生
plaĉ,悦
plaĝ,滩
plaŭd,溅
pleb,民
pled,辩
plegi,瘫
plej,最
plekt,编
plektr,拨
plektrant,草
plen,满
plend,诉
pleokro,多色
plet,盘
pletor,多血
pleziosaŭr,龙
plezur,乐
pleŭr,胸膜
pleŭronekt,比目鱼
pleŭrot,菌
pli,更
plint,础
plis,折
ploce,鸟
ploid,倍
plomb,填
plonĝ,潜
plor,哭
plosiv,塞
plu,还
plug,耕
pluk,摘
plum,羽
plumb,铅
plumbag,草
plur,多
plural,复数
plus,加
plute,菌
plutoni,金
pluv,雨
pluvi,鸟
pluŝ,绒
pneŭmat,气
pneŭmatik,气
pneŭmon,肺
po,每
pod,足
podagr,痛风
podi,台
podicip,潜鸟
podokarp,木
poefag,牛
poem,诗
poent,点
poet,诗
poez,生
poezi,诗
pogostemon,草
pojn,腕
pokal,杯
polar,极
polem,战
polemik,辩
polemoni,草
polen,粉
poli,多
poliant,草
polic,警
poligal,草
poligon,多角
poligonat,草
polikromi,彩
polip,息肉
poliplektr,鸟
polipor,菌
polis,保单
polistik,草
polit,政
politik,政
polm,掌
polo,马球
poloni,金
poltron,怯
polu,污
polur,磨
polus,极
polv,尘
pom,苹
pomad,膏
pomp,豪
ponard,匕
pone,矮马
pont,桥
pontederi,草
pontifik,主祭
poplit,膝窝
popol,民
popular,众
por,为
porcelan,瓷
porci,份
pord,门
porfir,斑岩
porfiri,鸟
porfur,藻
pork,猪
porn,淫
port,运
portik,柱廊
portret,肖
portulak,草
posed,有
post,后
posten,岗
postiĉ,伪
postul,求
pot,壶
potas,钾碱
potenc,力
potencial,势
potentil,草
potiron,草
pov,能
povr,贫
poz,姿
pozici,位
pozidoni,草
pozitiv,正
poĉ,煮
poŝ,袋
poŝt,邮
pra,原
pragmat,实
prajm,引爆
praktik,践
pralin,仁糖
pram,渡
prav,理
prazeodim,金
pre,前
precedenc,先例
precip,主
precipit,沉
preciz,准
pred,猎
predik,讲
predikat,谓
predikt,预
prefekt,督
prefer,宁
prefiks,缀
preg,压
preleg,讲
prelud,前奏
prem,压
premi,奖
premis,前提
premium,费
pren,拿
prenantes,草
prepar,备
prepost,主祭
prepuci,包皮
preri,草原
pres,印
presbiop,老花
presbit,猴
presbiterian,长老
preskaŭ,几
preskrib,规
preskript,时效
prestidigit,戏法
prestiĝ,威望
presuriz,压
pret,备
pretekst,借口
pretend,称
preter,过
pretor,法官
prevent,防
prez,价
prezent,呈
prezid,主
prezident,统
preĝ,祈
pri,于
prim,质数
primar,原
primat,灵长
primitiv,原
primordi,原基
princ,侯
princip,则
print,印
printemp,春
prior,院长
prism,棱镜
prist,鱼
privat,私
privilegi,特权
prizon,狱
pro,因
probabl,概
problem,题
proced,办
procedur,程
procelari,海燕
procent,率
proces,程
procesi,列
procesor,处理器
procez,程
procion,兽
prod,杰
prodig,慷
produkt,产
profan,俗
profesi,职
profesor,授
profet,先知
profil,廓
profilaktik,防
profit,利
profund,深
prognoz,预测
program,程
progres,进
progresi,进
prohibici,禁
projekci,射
projekt,案
prokariot,原核
prokavi,蹄兔
proklam,宣
prokliz,附
prokrast,延
proksim,近
prokur,代
prokuror,检察
prolet,无产
proletari,无产
prolifer,殖
promen,步
promes,诺
prometi,金
promoci,升
promontor,海角
prompt,敏
promulg,颁
pron,俯
pronel,鸟
pronom,代
prononc,音
propag,播
propagand,传
propedeŭtik,预科
propil,丙
propon,议
proporci,比
propozici,句
propr,己
propriet,己
propriocept,体感
propuls,推
proskrib,逐
prospekt,册
prospektor,探矿
prosper,荣
prostat,前列腺
prostitu,妓
prot,质子
protaktini,金
prote,帝王花
protein,蛋白
protekt,护
protest,抗
protestant,抗
protez,假肢
proto,原
protokol,录
protozo,原兽
protrud,凸
prov,试
proverb,谚
proviant,粮
providenc,佑
provinc,省
provincial,省
proviz,供
provizor,暂
provok,挑
proz,散文
prozelit,改宗
pru,头
prud,假正
prudent,慎
prujn,霜
prun,李
prunel,野李
prunt,借
prunus,李
pruv,证
psalm,咏
pseŭdo,伪
psidi,木
psik,心
psikedel,迷幻
psikiatri,心医
psikologi,心
psilofit,草
psilot,草
psitak,鹦鹉
psok,咬虫
ptarmik,草
pter,翅
pteranodont,龙
pteraspid,翼甲
pterig,翅
pterodaktil,龙
pterokarp,木
pterokl,鸟
pterop,兽
ptilonorink,鸟
ptoz,垂
pub,耻骨
puber,发育
pubi,耻骨
public,公
publik,公
pudend,阴部
puding,奶冻
pudl,搅炼
pudor,羞
pudr,粉
pudu,兽
puerper,产后
puf,胀
pufin,鸟
pug,臀
pugn,拳
pukcini,菌
pul,蚤
puli,滑轮
pulm,肺
pulmonari,草
pulp,瓤
puls,脉
pulsatil,草
pulv,火药
pulvor,粉
pulĉinel,丑
pum,砰
pumik,磨
pumili,木
pump,泵
pun,罚
pund,镑
punik,榴
punkci,穿刺
punkt,点
punktur,刺
punt,花边
puntili,面子
pup,偶
pupil,瞳
pupitr,案
pur,纯
pure,泥
puritan,清教
purpur,紫
pus,脓
pustul,脓泡
put,井
putin,妓
putor,鼠
putr,腐
puĉ,政变
puŝ,推
rab,抢
rabarb,大黄
rabat,折
rabd,枝
rabet,槽
rabi,狂
rabot,刨
racem,消旋
raci,理
racional,理
rad,轮
radi,射
radial,径
radiator,散热
radik,根
radikal,彻
radikl,根
radium,金
radius,半径
radon,气
rafan,萝卜
rafanistr,草
rafi,木
rafin,精
raflezi,草
raj,鱼
rajd,骑
rajt,权
rak,架
raked,拍
raket,火箭
raki,脊
rakont,述
ral,秧鸡
rambutan,木
ramforink,龙
rami,草
ramn,木
ramonĉ,木
ramp,爬
ran,蛙
ranc,哈喇
rand,边
rang,级
rangifer,驯鹿
ranunkol,草
ranĝ,调车
rap,萝卜
rapid,速
raport,报
rapunkol,草
rar,稀
ras,种
rasl,啰音
rasp,粗
rast,耙
rastr,锄
rat,鼠
ratif,批
ratifik,批
rav,醉
ravenal,木
ravin,峡
raviol,饺
raz,剃
razi,袭
raĝ,王
raŭk,沙哑
raŭp,毛虫
raŭvolfi,草
re,再
rea,美洲鸵
read,草
reakci,反应
reaktor,反应堆
real,实
recenz,评
recept,方
recidiv,复
reciprok,互
redakci,部
redakt,编
redaktor,编
redoks,氧减
redukt,减
redund,冗
reel,实
refer,报
referenc,参
refleks,反射
reflekt,反射
reflektor,镜
reformaci,改革
refrakt,折
refut,驳
reg,治
regal,款
regent,摄政
regi,治
regiment,团
region,区
registr,录
reglament,规
regn,国
regres,退
regul,规
regurgit,反流
rek,单杠
reklam,宣
reklamaci,诉
rekomend,荐
rekompenc,酬
rekord,记
rekrement,渣
rekrut,征募
rekt,直
rektif,整
rektifik,整
rektum,直肠
rekvizici,征用
rekvizit,道具
rel,轨
relajs,转
relativ,相
relief,雕
religi,宗
relikv,遗物
rem,划
rembur,填
remit,缓
remiz,库
remont,补马
remor,鱼
remork,拖车
rempar,垒
ren,肾
rendevu,约
rendiment,效率
renegat,叛
renesanc,复兴
reni,金
renkont,遇
rent,租
renvers,翻
reo,流
replik,驳
reporter,记者
reprezali,报复
reprezent,表
reprograf,复
repudi,离
resonanc,共鸣
respekt,敬
respektiv,各
respond,答
respons,责
respublik,共和
rest,余
restaŭr,复
restoraci,餐
restrikt,限
resum,概
resurekt,复活
resurs,资源
resus,猴
ret,网
retikul,网
retin,网膜
retor,辩
retorik,修辞
retort,锅
retrat,取
retret,退
retro,逆
retrospektiv,顾
reum,草
rev,幻
revelaci,启
revers,翻
reviz,审
revizi,审
revizor,审
revoluci,革
revu,刊
rezerv,储
rezid,驻
rezident,驻官
rezign,弃
rezignaci,顺
rezin,脂
rezist,抗
rezistanc,抗
rezoluci,决
rezon,推
rezult,果
reĝ,王
reĝim,制
reĝisor,导演
reŭmat,风湿
rib,醋栗
ribel,叛
ribosom,核糖体
ricel,窝
ricev,收
ricin,麻
rid,笑
rif,礁
rifuz,拒
rifuĝ,避
rig,索
rigard,看
rigid,硬
rigl,拴
rigor,严
rikan,讥
rikolt,获
rikur,递归
rilaks,缓
rilat,关
rim,韵
rimark,觉
rimed,法
rimen,带
rimors,悔
rin,鼻
rinant,草
ring,环
rinocer,犀
rip,肋
ripar,修
ripet,复
riport,报
ripoz,休
riproĉ,责
risk,险
risort,弹簧
ristorn,偿
rit,仪
ritm,律
rival,敌
rivel,揭
river,河
riverenc,拜
rivolu,转
riz,米
rizofor,红树
rizokarp,菌
rizom,根茎
riĉ,富
ro,木
rob,袍
robini,木
robot,机器人
robur,木
rod,啃
rodi,金
roj,溪
rojal,王
rok,岩
rokcel,菌
rol,角
roman,小说
romanc,曲
romantik,浪漫
romb,菱
romp,破
rond,圆
ronk,哼
ronĝ,啃
ros,露
rost,烤
rostr,鼻
rot,队
rota,皇院
rotaci,旋
roz,玫
rozari,念珠
ru,浸
rub,废
ruband,带
ruben,红宝
rubetr,鸟
rubi,草
rubidi,金
rubrik,栏
rubus,果
rudbeki,草
rudiment,初
rudr,舵
ruf,赤褐
rugin,刮
ruin,废
rul,卷
rumeks,草
rund,巡
rung,横档
rur,乡
rusk,木
rust,锈
rustik,朴
rusul,菌
rut,草
rutel,鱼
rutin,惯
ruz,狡
ruĝ,红
sabat,土
sabin,杜松
sabl,沙
sabot,破坏
sabr,刀
sacerdot,祭司
safran,藏红花
sag,矢
sagac,敏
sagitari,草
sagu,西米
sajmiri,猴
sak,袋
sakar,蔗
sakarid,糖
sake,酒
sakr,骂
sakral,圣
sakrament,圣礼
sakrilegi,辱
sakristi,圣器
saksikol,鸟
sal,盐
salajr,薪
salam,腊肠
salamandr,蛙
salangan,金丝燕
sald,余
salik,柳
salikok,虾
salikorni,草
saliv,唾
salm,鱼
salmon,鱼
salon,厅
salp,海桶
salpetr,硝
salping,卵管
salsol,草
salt,跳
saltier,带
salubr,健
salut,问
salvelen,鱼
salvi,鼠尾草
sam,同
sambuk,接骨
samol,草
sampl,样
samuraj,武士
san,健
sandviĉ,夹
sang,血
sangvin,乐
sangvisorb,草
sanikl,草
sanitar,卫
sankci,制裁
sankt,圣
sanpaŭli,草
sansevier,草
sap,皂
sape,掘
sapind,木
saponari,草
sapot,人心果
sapr,腐
saraceni,草
sarak,木
sargas,藻
sark,耘
sarkasm,讽
sarkom,肉瘤
sarkopt,虫
sarment,蔓
sasafras,木
sat,饱
satan,魔
satelit,星
saten,缎
satir,讽刺
satirus,羊神
satur,饱
sature,草
saturn,土
saturni,虫
sav,救
saĝ,智
saŭc,酱
saŭr,爬虫
scen,场
sci,知
scienc,科
scil,绵枣儿
scink,龙
scintil,烁
scirp,草
sciur,松鼠
se,若
seb,脂
sebast,鱼
secesi,脱
sed,但
sedativ,静
sediment,沉
seg,锯
segment,段
seism,震
sek,干
sekal,黑麦
sekant,割
sekc,切
sekci,科
seki,草
sekreci,泌
sekret,秘
sekretari,秘
seks,性
sekstant,六分仪
sekt,派
sektor,域
sekular,俗
sekund,秒
sekundar,次
sekur,安
sekv,随
sekvenc,序
sekvestr,查封
sekvojadendr,木
sel,鞍
selaginel,草
selekt,选
selen,矿
selin,草
sem,种
semafor,号
semajn,周
semekarp,木
semestr,期
semi,半
seminari,研讨
semio,符
sen,无
sena,决明
senat,上院
senc,意
send,送
senil,老
senjor,主
sens,感
sensaci,轰动
sensitiv,草
sent,感
sentimental,感伤
sep,七
separ,隔
separat,隔
sepi,墨鱼
seps,腐
sept,隔
septembr,九月
sepult,葬
ser,血清
seraf,天使
seran,鱼
serasalm,鱼
seratul,草
seren,宁
serenad,小夜曲
seri,列
serin,鸟
serioz,严
seroz,浆膜
serp,割
serpent,蛇
serpentari,鸟
serpenten,蛇纹石
serpul,菌
serur,锁
serv,务
serval,兽
servic,餐具
servir,发球
servut,役
serĉ,寻
serĝent,军士
ses,六
sesdeknaŭ,舔吸
sesi,会
sesleri,草
setl,居
seton,引流
sever,严
sezam,芝麻
sezel,草
sezon,季
seĝ,椅
sfagn,苔
sfeg,虫
sfenisk,企鹅
sfenodont,龙
sfer,球
sfigm,脉
sfing,天蛾
sfinks,狮面
si,己
sial,硅铝
sibarit,享乐
sibl,嘶
sid,坐
sider,星
sien,红土
siest,午睡
sieĝ,围
sifilis,梅毒
sifon,虹吸
sigel,印
sigilari,草
sign,符
signal,号
signatur,签
signif,意
signifik,著
signifikanc,著
sil,仓
silab,节
silen,蝇子草
silent,默
silib,草
silic,硅
silici,硅
siliciat,硅
silik,硅
silk,丝
silog,论
silt,粉砂
siluet,剪影
silur,鱼
silvi,莺
simarub,木
simbioz,共生
simbol,符
simbrank,鱼
simetri,称
simfalang,猴
simfit,草
simfoni,交响
simi,猿
simil,似
simpat,交感
simpati,亲
simpl,简
simptom,症
simul,拟
simuli,虫
simultan,同时
sin,怀
sinap,芥
sincer,诚
sindikat,盟
sindrom,症
sinekur,闲职
sinergi,协同作用
singular,单
singult,逆气
sinistr,灾
sinjor,君
sink,沉
sinklinal,向斜
sinkop,切分
sinkret,混
sinod,宗议
sinoptik,概
sinovi,滑
sintaks,句法
sintez,合
sinu,湾
sinus,洞
sirapt,鸟
siren,警笛
siring,丁香
sirop,糖浆
sism,震
sistem,系
sistol,缩
sit,鸟
sitel,桶
situ,位
situaci,况
sium,草
sizar,草
sizigi,大潮
sizimbri,草
skab,疮疤
skabi,癣
skadr,队
skafald,架
skafandr,潜衣
skal,度
skalar,标量
skalen,斜角
skalp,头皮
skan,扫
skand,析
skandal,丑
skandi,金
skandik,草
skapol,肩
skarab,甲
skarifik,划
skarlat,红
skarlatin,猩红热
skatol,盒
skelet,骨
skem,图
skeptik,疑
skerc,谐
skerm,击剑
sket,滑
skeĉ,剧
ski,滑
skin,木
skip,班
skism,裂
skist,片岩
skistosom,血虫
skiz,草
skizofreni,精神分裂
skizoid,分裂
sklare,草
sklav,奴
skler,硬
sklerant,草
sklerot,巩膜
skol,派
skolastik,经院
skold,斥
skoli,注
skolim,草
skolop,鸟
skolopendri,草
skolt,侦
skombr,鱼
skop,镜
skorbut,坏血
skori,渣
skorpen,蝎鱼
skorpi,蝎
skorpiur,草
skovel,刷
skrap,刮
skrib,书
skrofol,结核
skrofulari,草
skrot,阴囊
skrupul,谨
skrutini,检
sku,摇
skulpt,雕
skulptur,雕
skun,帆船
skurĝ,鞭
skut,滑
skutelari,草
skvam,鳞
skvaten,鱼
slang,俗语
sled,雪车
slum,贫窟
smerald,绿玉
smilak,草
smilodont,兽
smirg,砂
smut,黑穗病
snob,势利
sob,下
sobr,醒
soci,社
social,社
societ,社
sod,碱
sodomi,肛交
sofism,诡辩
sofor,木
soif,渴
soj,大豆
sojl,槛
sokl,墩
sol,唯
solan,草
sold,钱
soldanel,雪铃
soldat,兵
sole,鱼
solen,庄
solfeĝ,唱名
solid,固
solidar,团
solstic,至
solv,解
solvent,偿
som,体
somat,体
somateri,鸟
somer,夏
somnambul,梦游
somnol,眠
son,声
sond,探
sonet,十四行诗
sonk,草
sonor,响
sonĝ,梦
sopir,慕
sopran,女高音
sor,腾
sorb,吸
sorbus,木
sorg,高粱
sorik,鼠
sorp,木
sort,命
sortiment,品类
sorĉ,魔
sovaĝ,野
sozi,替身
spac,空
spad,剑
spaget,面
spalir,系
spam,垃圾
spar,鱼
spargani,草
spark,火花
sparti,木
spasm,抽筋
spat,石
spatang,虫
spatel,铲
spec,种
speci,种
special,特
specif,特
specimen,样
spegul,镜
spekt,观
spektakl,戏
spektr,谱
spekul,投
spekulaci,投机
spekulativ,猜
spele,窟
spergul,草
spergulari,草
sperm,精液
spermat,精
spermati,精
spert,验
spez,兑
spic,香
spik,穗
spil,钻
spin,脊
spinac,菠菜
spindel,纺锤
spion,谍
spir,息
spiral,旋
spirantes,草
spire,木
spiril,螺菌
spirit,灵
spiritual,灵
spiroket,螺旋体
spit,逆
splen,郁
splend,灿
splint,夹板
splis,接
split,片
spok,辐
spong,海绵
sponsor,援
spontan,自发
spontane,自发
spor,胞子
sporad,散
sporotrik,菌
sporotrikum,菌
sport,体
sprint,冲
sprit,智
spron,刺
spros,芽
spur,迹
spurt,冲
sput,吐
stab,参
stabil,稳
stabl,架
staci,站
stadi,阶
stadion,赛场
stafet,接力
stafilokok,葡萄球菌
stagn,滞
staj,索
stak,垛
staki,水苏
stal,马棚
stalaktit,乳石
stamen,雄蕊
stamp,印
stan,锡
standard,旗
stang,杆
stapeli,草
stapl,囤
star,立
start,起
stat,态
statik,静
statistik,计
statu,像
statur,材
statut,章程
staz,滞
staĝ,实习
staŭl,失速
steat,脂
steb,缝
steg,撑
stegosaŭr,龙
stek,肉排
stekio,配比
stel,星
stelari,草
stelion,龙
stencil,蜡纸
step,草原
stereo,立体
stereotip,套
steril,不育
sterk,粪
sterkorari,鸟
sterkuli,木
sterling,镑
stern,铺
sternum,胸骨
sterol,固醇
stertor,喘
steto,胸
stevard,侍
steven,首柱
stift,销
stigmat,痕
stik,插
stil,风
stilz,跷
stim,估
stimul,激
stimulin,激素
stink,臭
stip,柄
stipendi,助学
stir,驾
stiv,装
stoik,忍
stok,储
stokast,随机
stomak,胃
stomat,口
stomi,漏
stomp,晕染
stopl,茬
stov,炉
strab,斜
stramoni,草
strang,奇
strangol,绞
strat,街
strategi,略
stratiot,草
stratosfer,平流层
stratus,层
streb,奋
strek,划
strelici,草
streptokok,链球菌
streptopeli,鸟
stres,压力
stret,窄
streĉ,紧
stri,条
strid,刺
strig,猫头鹰
strigl,刷
strik,罢
strikn,木
strikt,严
string,勒
striptiz,脱衣舞
strob,木
strobo,闪
strof,节
strofant,木
strofari,菌
stronci,金
strongil,圆虫
struktur,构
strut,鸵鸟
stuc,剪
stud,研
student,学
studi,室
stuf,煮
stuk,涂
stukaĉ,奸
stult,愚
stumbl,绊
stump,桩
stup,填
stupor,昏
sturm,突
sturn,鸟
su,猪
sub,下
subaltern,下
suber,木栓
subit,突
subjekt,主
subjektiv,主
sublim,崇
substanc,质
substantiv,名
substitu,替
subtil,精细
subtrah,减
subvenci,补贴
sud,南
sued,猪
sufer,苦
sufiks,缀
sufiĉ,够
sufle,蛋奶酥
suflor,提
sufok,窒
sufuz,渗
sugest,示
sugesti,暗示
suk,汁
sukces,成
suker,糖
sukijak,牛锅
sukur,急救
sul,鸟
sulf,硫
sulfam,氨硫
sulfin,硫
sulfur,硫
sulk,沟
sum,总
sumak,木
sumo,相扑
sun,阳
suna,圣行
sup,汤
supe,餐
super,上
superstiĉ,迷
supin,仰
supl,柔
suplement,补
supoz,设
supr,顶
sur,上
surd,聋
surf,冲浪
surfac,面
surmulet,鱼
surogat,代
surpriz,惊
surtut,袍
susceptibl,率
suspekt,疑
suspend,停
suspensi,悬
suspensori,吊带
suspir,叹
susur,沙响
sutur,缝合
suveren,权
suĉ,吸
svarm,拥
svat,媒
svelt,苗条
sven,昏
sving,挥
sviteni,木
tab,签
tabak,烟
taban,虫
tabel,表
tabet,脊髓病
tabl,桌
tabu,禁
tabul,板
tadorn,鸟
tag,日
tajd,潮
tajfun,风
tajl,裁
tajlor,裁
tajp,打
tak,倾
taki,速
taks,评
taksodi,木
takt,拍
taktik,术
tal,距
talam,丘脑
talent,才
tali,腰
taliktr,草
talitr,虾
talk,滑石
talp,地鼠
talus,坡
tam,草
tamandu,兽
tambur,鼓
tamburin,铃鼓
tamen,却
tampon,棉塞
tamtam,锣
tan,制革
tandem,串联
tang,颠
tangar,鸟
tangent,切
tank,战车
tantal,金
tantiem,红利
tanĝ,接
tao,道
tapet,壁纸
tapiŝ,毯
taps,草
tapsi,草
tar,皮重
taraksak,草
tard,迟
tarif,价
tars,足根
tarsi,猴
tartr,酒石
tarz,眼板
tas,杯
task,务
tatu,纹
tavol,层
tazet,草
taĉment,遣
taĝet,草
taŭg,适
taŭr,牡牛
taŭtomer,互变
taŭz,揉
te,茶
team,队
teatr,剧
teba,鸦片
ted,烦
teg,覆
tegenari,蛛
tegment,顶
tegol,瓦
tek,包
tekneci,金
teknik,技
teknologi,技
teks,织
tekst,文
tekton,硬木
tektonik,构造
tele,远
telegraf,报
telegram,报
teleks,电传
teler,盘
teleskop,镜
televid,视
televizi,视
telfer,缆路
telope,木
telur,矿
tem,题
temp,时
temperament,禀
temperatur,温
tempest,暴风
tempi,侧头
templ,庙
ten,持
tenajl,钳
tenar,鱼际
tend,帐
tenden,筋
tendenc,倾
tenebr,暗
tenebri,虫
tener,柔
teni,条虫
tenis,网
tenon,凸
tenor,男高音
tensi,压
tent,诱
tentakl,触手
teobrom,木
teorem,定理
teori,论
tepid,温
ter,地
terafoz,蛛
terapeŭtik,疗
terapi,疗
teras,台
terat,畸
terbi,金
terciar,三
terebint,木
tered,贝
teren,地
teri,兽
teritori,领
term,热
termi,温
termik,热
termin,词
terminal,终端
terminali,木
termit,白蚁
termometr,计
tern,喷
teror,怖
terur,恐
test,测
testacel,贝
testament,嘱
testik,丸
testud,龟
tetan,强直
tetanos,破伤风
tetr,琴鸡
tetra,野鸡
tetragoni,草
tetraklin,木
tetraon,鸟
tetrark,分王
tez,题
teĥnik,技
teŭkri,草
tia,那a
tial,那因
tiam,那时
tibuŝen,木
tie,那e
tiel,那样
ties,那之
tif,疹
tife,草
tig,茎
tigr,虎
tik,布
tikl,痒
tikso,触
tiktak,滴答
til,碎麻
tilandsi,草
tili,木
tim,怕
timal,鱼
timbal,鼓
timele,草
timian,百里香
timid,怯
timon,车杆
timpan,鼓室
tin,桶
tinam,鸟
tindr,火绒
tine,虫
tini,头癣
tinktur,染
tint,鸣
tinunkol,鸟
tinus,鱼
tio,那o
tiom,那量
tionat,硫
tip,型
tipuan,木
tipul,虫
tir,拉
tiran,暴
tiravir,缆
tire,甲状
tiroid,甲状
titan,巨
titi,猴
titol,题
titr,滴定
tiu,那u
tlasp,草
toast,烤包
tof,凝灰
toks,毒
toksin,毒
tol,布
toler,忍
tomat,茄
tomb,墓
tombak,黄铜
tomi,切
ton,调
tonal,调
tond,剪
tondr,雷
tonel,吨
toni,张
tonik,主
tonk,木
tonsil,扁桃
tonsur,剃
top,帆楼
topik,题
topinambur,草
topo,地
tor,环
torak,胸
tord,拧
tore,斗牛
torent,激流
torf,泥炭
tori,金
tormentil,草
torn,车
torped,鱼雷
tort,饼
tortrik,虫
tortur,拷
torĉ,炬
tost,祝
total,总
tra,穿
trab,梁
trace,轴线
trad,信风
tradeskanti,草
tradici,统
traduk,译
traf,击
trafik,交
tragant,草
tragedi,悲
tragelaf,兽
tragik,悲
tragol,鹿
tragopog,草
tragopogon,草
trajn,车
trajt,特
trak,轨
trake,气管
trakeli,草
trakin,鱼
trakt,理
traktat,条约
traktor,拖
tram,电车
tramp,游
tranc,附身
trankvil,静
trans,越
transcend,超
transfuz,输
transit,过
translaci,移
transmisi,传
transmutaci,变
transpir,蒸
transpon,转
transvers,横
tranĉ,切
tranĉe,沟
trap,草
trapez,梯
trat,汇
travesti,戏仿
traĥe,气管
traŭmat,创
tre,很
tred,穿
tref,梅花
trejn,训
trem,颤
tremel,菌
tremp,浸
tren,拖
trepan,钻颅
treponem,密螺旋体
tret,踏
trezor,宝
tri,三
trib,族
tribord,右边
tribunal,法院
tribunus,官
tribut,贡
triceratop,龙
tridakn,贝
trigl,鱼
trigon,三角
trigonel,草
trigonometri,三角
trik,织
trikofit,毛癣菌
trikolom,菌
trikot,织
tril,颤歌
trili,草
trimestr,季
tring,鸟
trinitr,三硝
trink,饮
trip,肚
trips,虫
trist,悲
tritik,麦
triumf,凯
trivial,卑
tro,太
trofi,养
trog,槽
trogi,虫
trogon,咬鹃
troke,扬抑
trol,拖网
trole,触轮
troli,草
tromb,龙卷
trombidi,虫
trombon,长号
tromp,骗
tron,座
trop,喻
tropik,热带
troposfer,对流层
trot,小跑
trotuar,径
trov,找
tru,穴
trud,强
truf,菌
truk,骗
trul,铲
trumpet,小号
trunk,干
trup,团
trus,架
trust,垄断
tualet,妆
tub,管
tuber,隆
tuberkul,结
tuberkulin,结核素
tuf,丛
tuj,即
tujops,木
tuk,巾
tukan,巨嘴鸟
tuku,鼠
tul,网纱
tuli,金
tulip,郁
tumor,瘤
tumult,闹
tun,吨
tunel,隧
tunik,袍
tur,塔
turb,旋
turban,头巾
turbid,浊
turbin,涡
turbot,鱼
turbul,乱
turd,鸟
turg,胀
turism,游
turist,旅
turkis,碧
turment,虐
turn,转
turne,巡
turnir,赛
turt,鸽
tus,咳
tut,整
tuĉ,墨
tuŝ,触
uj,器
ukij,浮世绘
ul,者
ulcer,疮
ulmari,草
uln,尺
ultra,极
ulul,嚎
ulv,藻
umbel,伞
umbelifer,草
umbilik,脐
umbilikari,菌
umbr,鱼
ume,梅
unaŭ,兽
unci,兽
uncial,书体
undari,藻
ung,爪
uni,联
uniform,制服
unik,独
unison,同
unit,单位
unitari,一神
univers,宇
universal,普
universitat,学
unu,一
upas,毒木
upup,鸟
ur,原牛
uragan,暴风
uran,天王星
urani,金
urat,尿酸盐
urb,市
ure,尿素
ured,锈
ureter,输尿管
uretr,尿道
uri,鸟
urin,尿
urn,缸
uro,尿
urs,熊
urtik,痒
uruŝi,漆
urĝ,急
uskl,字
usne,菌
ustilag,菌
uta,歌
uter,宫
util,益
utrikulari,草
uv,葡萄
uve,葡萄膜
uvul,小舌
uz,用
uzin,厂
uzukap,时效
uzur,高利
uzurp,篡
vad,涉
vafl,饼
vag,荡
vagabond,荡
vagin,阴道
vaginal,套
vagon,厢
vajd,蓝
vajr,松鼠皮
vak,空
vakame,藻
vakari,草
vakcin,疫苗
vaks,蜡
vaku,空
val,谷
valabi,兽
valent,价
valerianel,草
valid,效
valiz,箱
valor,值
vals,圆舞
valut,币
valv,阀
vampir,吸血鬼
van,徒
vanad,金
vand,隔
vanda,草
vanes,虫
vang,颊
vanil,香兰
vant,虚
vapor,汽
var,货
varan,龙
varb,募
vari,变
varianc,方差
variete,杂耍
varik,瘤
variol,痘
varm,暖
varp,经
vart,养
vasal,臣
vaskul,脉
vast,广
vat,棉
vaz,器
vaĉ,值
ve,哀
veft,纬
vegan,素
veget,茂
vegetal,植
vegetar,素
vehikl,载体
vejn,脉
vek,醒
veksil,旗
vekt,杠
vektor,矢量
vel,帆
velar,帆
veld,焊
velk,枯
velur,绒
ven,来
venad,兽
vend,卖
vendred,金
venen,毒
vener,性病
venk,胜
vent,风
ventol,风
ventr,腹
venĝ,仇
vepr,丛
ver,真
veratr,草
verb,动
verbask,草
verben,鞭草
verbezen,草
verd,绿
verdigr,铜绿
verdikt,判
verg,枝
verk,作
verm,虫
vermiljon,朱
vermiĉel,粉丝
vernaliz,春化
vernis,漆
veronik,草
vers,句
versi,版
vert,顶
vertebr,椎
vertic,顶
verticil,轮
verticili,菌
vertikal,竖
vertiĝ,晕
veruk,瘤
verumontan,精丘
verv,劲
verŝ,浇
vesel,舰
vesp,蜂
vesper,晚
vespertilion,蝠
vest,衣
vet,赌
veter,气
veteran,老
veterinar,兽医
veto,否
vetur,乘
vezik,囊
vezir,相
veŝt,坎
vi,你
viadukt,旱桥
viand,肉
vibr,振
viburn,木
vic,列
vici,野豌豆
vid,见
vide,视
vidv,寡
vigl,活
vign,草
vikari,副祭
vikstremi,木
viktim,牺
vikun,小羊驼
vil,蓬
vilaĝ,村
vimen,柳
vin,酒
vinagr,醋
vincetoksik,草
vind,裹
vink,蔓春
vinkt,钉
vintr,冬
vinĉ,绞
viol,紫花
violent,暴
violon,琴
violonĉel,大提琴
vip,鞭
viper,蛇
vipur,毒蛇
vir,男
virg,贞
virt,德
virtual,虚
virtuoz,匠
virulent,毒
virus,毒
viscer,脏
visk,寄
viskoz,粘
vit,葡
vital,命
vitel,蛋黄
vitr,玻
vitral,彩窗
vitre,玻
vitriol,矾
viv,活
viver,兽
viz,证
vizaĝ,颜
vizi,幻
vizier,檐
vizit,访
vizon,鼠
viŝ,拭
voandze,草
vobl,摇
vodevil,歌舞剧
voj,路
vojaĝ,旅
vojevod,督
vok,呼
vokal,元
vokoid,元
vol,愿
volan,羽
volatil,挥发
volb,拱
volfram,金
volont,愿
volovan,酥盒
volum,册
volumen,积
volupt,色
volv,卷
volvariel,菌
volvok,藻
vom,吐
vor,贪食
vort,词
vortic,涡
vost,尾
vot,誓
voĉ,声
vrak,残船
vring,拧
vual,纱
vukeri,虫
vulgar,俗
vulkan,火山
vulp,狐
vultur,秃鹰
vulv,外阴
vund,伤
ze,草
zebr,斑马
zefir,微风
zelkov,木
zelot,迷
zen,禅
zenit,天顶
zepelin,硬式飞艇
zeŭs,鱼
zibel,鼠
zibet,兽
zigen,虫
zigofil,草
zigot,合子
zigzag,折
zingibr,姜
zink,锌
zip,拉链
zirkoni,金
zizif,枣
zo,兽
zoarc,鱼
zodiak,黄道
zom,变焦
zon,带
zoologi,兽
zorg,护
zum,嗡
ĉagren,恼
ĉam,羚
ĉambelan,侍臣
ĉambr,室
ĉampan,酒
ĉampinjon,菌
ĉampion,冠
ĉant,咏
ĉantaĝ,讹
ĉap,帽
ĉapel,帽
ĉapitr,章
ĉar,因
ĉarlatan,骗
ĉarm,魅
ĉarpent,架
ĉart,租
ĉas,猎
ĉast,洁
ĉat,木
ĉe,在
ĉef,首
ĉek,票
ĉel,胞
ĉement,牙骨质
ĉemiz,衫
ĉen,链
ĉerimoli,果
ĉeriz,樱
ĉerk,棺
ĉerp,舀
ĉes,止
ĉeti,鸟
ĉeval,马
ĉevron,梁
ĉi,此
ĉia,全a
ĉial,全因
ĉiam,全时
ĉie,全e
ĉiel,全样
ĉies,全之
ĉif,皱
ĉifon,破
ĉifr,密
ĉifĉaf,鸟
ĉik,虫
ĉikan,刁
ĉinĉil,鼠
ĉio,全o
ĉiom,全量
ĉir,卷须
ĉirkaŭ,围
ĉirp,鸣
ĉiu,全u
ĉiz,雕
ĉizoj,剪
ĉiĉeron,导
ĉot,鱼
ĉu,吗
ĉuk,夹头
ĉur,精液
ĝarden,园
ĝel,凝胶
ĝem,呻
ĝemel,双胎
ĝemin,双
ĝen,扰
ĝendarm,宪兵
ĝeneral,总
ĝentil,礼
ĝerm,芽
ĝet,堤
ĝi,它
ĝib,凸
ĝin,酒
ĝir,转
ĝiraf,颈鹿
ĝis,至
ĝoj,喜
ĝu,享
ĝust,正
ĥameleon,变色龙
ĥan,汗
ĥaos,混乱
ĥelicer,钳
ĥemi,化
ĥimer,幻
ĥoler,霍乱
ĥor,唱
ĥord,脊索
ĵak,插孔
ĵakard,提花
ĵaluz,妒
ĵam,扰
ĵargon,黑话
ĵartel,吊袜
ĵaŭd,木
ĵet,投
ĵib,帆
ĵongl,耍
ĵud,柔道
ĵur,誓
ĵuri,陪审
ĵurnal,记
ĵus,刚
ŝablon,模
ŝaf,羊
ŝaft,轴
ŝagrin,鲨皮
ŝajn,像
ŝak,棋
ŝakal,胡狼
ŝakr,贩
ŝakt,竖井
ŝal,披肩
ŝalm,管
ŝalt,开
ŝam,鹿皮
ŝaman,巫
ŝampu,沐
ŝanc,机
ŝancel,摇
ŝankr,毒疮
ŝanĝ,变
ŝarg,装
ŝark,鲨
ŝarĝ,载
ŝat,喜
ŝaŭm,沫
ŝed,棚
ŝel,壳
ŝelk,背带
ŝerc,逗
ŝi,她
ŝibu,柿涩
ŝik,帅
ŝild,盾
ŝim,霉
ŝink,火腿
ŝinto,神道
ŝip,船
ŝir,裂
ŝirm,庇
ŝkop,勺
ŝlim,泥
ŝlos,锁
ŝmac,吸
ŝmalc,猪油
ŝmink,妆
ŝmir,涂
ŝnur,绳
ŝofor,驾
ŝok,震
ŝort,短裤
ŝos,芽
ŝose,路
ŝot,射
ŝov,推
ŝovel,铲
ŝoĥt,屠
ŝpal,枕
ŝpar,省
ŝpat,耕
ŝpin,纺
ŝpruc,喷
ŝpur,距
ŝraman,苦僧
ŝrank,柜
ŝraŭb,螺
ŝrot,粗粉
ŝrump,缩
ŝtal,钢
ŝtanc,冲压
ŝtat,国
ŝtel,偷
ŝtern,鸟
ŝtip,圆木
ŝtof,布
ŝton,石
ŝtop,堵
ŝtorm,暴
ŝtrump,袜
ŝtup,阶
ŝu,鞋
ŝuld,欠
ŝultr,肩
ŝunt,分流
ŝus,滑
ŝut,撒
ŝutr,百叶窗
ŝuŝ,嘶
ŝvabr,拭
ŝveb,翔
ŝvel,肿
ŝvit,汗
