root_nosl,level,deployed_decomp,flag
ano,1,an/o,NEEDS_TRANS
aro,1,ar/o,
aĵo,1,aĵ/o,
ebla,1,ebl/a,
eco,1,ec/o,
ejo,1,ej/o,
ema,1,em/a,
estro,1,estr/o,
ha!,1,ha!,
ho!,1,ho!,
ido,1,id/o,
igi,1,ig/i,
ilo,1,il/o,
inda,1,ind/a,
ino,1,in/o,
ismo,1,ism/o,
iĝi,1,iĝ/i,
ujo,1,uj/o,
ulo,1,ul/o,
a,1.77,a,NEEDS_TRANS
ajn,1.77,ajn,NEEDS_TRANS
al,1.77,al,
almenaŭ,1.77,almenaŭ,
ambaŭ,1.77,ambaŭ,
ankaŭ,1.77,ankaŭ,
ankoraŭ,1.77,ankoraŭ,
anstataŭ,1.77,anstataŭ,NEEDS_TRANS
antaŭ,1.77,antaŭ,
apenaŭ,1.77,apenaŭ,
apud,1.77,apud,
aŭ,1.77,aŭ,
baldaŭ,1.77,baldaŭ,
bo,1.77,bo,
cent,1.77,cent,
da,1.77,da,
de,1.77,de,
dek,1.77,dek,
do,1.77,do,
du,1.77,du,
dum,1.77,dum,
e,1.77,e,NEEDS_TRANS
ek,1.77,ek,
ekster,1.77,ekster,
el,1.77,el,
en,1.77,en,NEEDS_TRANS
et,1.77,et/,
eĉ,1.77,eĉ,
for,1.77,for,
hieraŭ,1.77,hieraŭ,
hodiaŭ,1.77,hodiaŭ,
ia,1.77,ia,
iam,1.77,iam,
ie,1.77,ie,
ili,1.77,ili,
inter,1.77,inter,
io,1.77,io,
iom,1.77,iom,
iu,1.77,iu,
j,1.77,j,NEEDS_TRANS
ja,1.77,ja,
jam,1.77,jam,
je,1.77,je,
jen,1.77,jen,
jes,1.77,jes,
kaj,1.77,kaj,
ke,1.77,ke,
kia,1.77,kia,
kial,1.77,kial,
kiam,1.77,kiam,NEEDS_TRANS
kie,1.77,kie,
kiel,1.77,kiel,
kies,1.77,kies,
kio,1.77,kio,
kiom,1.77,kiom,
kiu,1.77,kiu,
kontraŭ,1.77,kontraŭ,
krom,1.77,krom,
kun,1.77,kun,
kvankam,1.77,kvankam,
kvar,1.77,kvar,
kvazaŭ,1.77,kvazaŭ,
kvin,1.77,kvin,
la,1.77,la,NEEDS_TRANS
laŭ,1.77,laŭ,
li,1.77,li,
mem,1.77,mem,
mi,1.77,mi,
mil,1.77,mil,
morgaŭ,1.77,morgaŭ,
n,1.77,n,NEEDS_TRANS
naŭ,1.77,naŭ,
ne,1.77,ne,
nek,1.77,nek,
nenia,1.77,nenia,
neniam,1.77,neniam,
nenie,1.77,nenie,
nenio,1.77,nenio,
neniu,1.77,neniu,NEEDS_TRANS
ni,1.77,ni,
nu,1.77,nu,
nun,1.77,nun,
nur,1.77,nur,
o,1.77,o,NEEDS_TRANS
ok,1.77,ok,
ol,1.77,ol,
oni,1.77,oni,
per,1.77,per,
plej,1.77,plej,
pli,1.77,pli,
plu,1.77,plu,
por,1.77,por,
post,1.77,post,
preskaŭ,1.77,preskaŭ,
pri,1.77,pri,
pro,1.77,pro,
se,1.77,se,
sed,1.77,sed,
sen,1.77,sen,
sep,1.77,sep,
ses,1.77,ses,
si,1.77,si,
sub,1.77,sub,
super,1.77,super,
sur,1.77,sur,
tamen,1.77,tamen,
tia,1.77,tia,
tial,1.77,tial,
tiam,1.77,tiam,
tie,1.77,tie,
tiel,1.77,tiel,
tio,1.77,tio,
tiom,1.77,tiom,
tiu,1.77,tiu,
tra,1.77,tra,
trans,1.77,trans,
tre,1.77,tre,
tri,1.77,tri,
tro,1.77,tro,
tuj,1.77,tuj,
u,1.77,u,NEEDS_TRANS
unu,1.77,unu,
vi,1.77,vi,
ĉar,1.77,ĉar,
ĉe,1.77,ĉe,
ĉi,1.77,ĉi,
ĉiam,1.77,ĉiam,
ĉie,1.77,ĉie,
ĉio,1.77,ĉio,
ĉirkaŭ,1.77,ĉirkaŭ,
ĉiu,1.77,ĉiu,
ĉu,1.77,ĉu,NEEDS_TRANS
ĝi,1.77,ĝi,
ĝis,1.77,ĝis,
ĵus,1.77,ĵus,
ŝi,1.77,ŝi,
resto,2,rest/o,
afero,2.27,afer/o,
alia,2.27,ali/a,
alta,2.27,alt/a,
ami,2.27,am/i,
amiko,2.27,amik/o,
bela,2.27,bel/a,
bona,2.27,bon/a,
demandi,2.27,demand/i,
devi,2.27,dev/i,
deziri,2.27,dezir/i,
diri,2.27,dir/i,
doni,2.27,don/i,
esti,2.27,est/i,
facila,2.27,facil/a,
fari,2.27,far/i,
feliĉa,2.27,feliĉ/a,
fini,2.27,fin/i,
flanko,2.27,flank/o,
fojo,2.27,foj/o,
formo,2.27,form/o,
forta,2.27,fort/a,
granda,2.27,grand/a,
grava,2.27,grav/a,
havi,2.27,hav/i,
helpi,2.27,help/i,
homo,2.27,hom/o,
infano,2.27,infan/o,
iri,2.27,ir/i,
jaro,2.27,jar/o,
juna,2.27,jun/a,
kampo,2.27,kamp/o,
kapo,2.27,kap/o,
kelka,2.27,kelk/a,
klara,2.27,klar/a,
komenci,2.27,komenc/i,
kompreni,2.27,kompren/i,
koni,2.27,kon/i,
koro,2.27,kor/o,
kredi,2.27,kred/i,
labori,2.27,labor/i,
lando,2.27,land/o,
lasta,2.27,last/a,
legi,2.27,leg/i,
lerni,2.27,lern/i,
levi,2.27,lev/i,
libera,2.27,liber/a,
loko,2.27,lok/o,
longa,2.27,long/a,
loĝi,2.27,loĝ/i,
mano,2.27,man/o,
meti,2.27,met/i,
militi,2.27,milit/i,
mondo,2.27,mond/o,
montri,2.27,montr/i,
morti,2.27,mort/i,
movi,2.27,mov/i,
multa,2.27,mult/a,
nacio,2.27,naci/o,
nomo,2.27,nom/o,
nova,2.27,nov/a,
okazi,2.27,okaz/i,
paroli,2.27,parol/i,
patro,2.27,patr/o,
peti,2.27,pet/i,
plena,2.27,plen/a,
porti,2.27,port/i,
povi,2.27,pov/i,
preni,2.27,pren/i,
proksima,2.27,proksim/a,
rapida,2.27,rapid/a,
respondi,2.27,respond/i,
resti,2.27,rest/i,
ricevi,2.27,ricev/i,
ridi,2.27,rid/i,
riĉa,2.27,riĉ/a,
ruĝa,2.27,ruĝ/a,
sama,2.27,sam/a,
scii,2.27,sci/i,
sekvi,2.27,sekv/i,
sendi,2.27,send/i,
sidi,2.27,sid/i,
sinjoro,2.27,sinjor/o,
skribi,2.27,skrib/i,
stari,2.27,star/i,
tago,2.27,tag/o,
tempo,2.27,temp/o,
teni,2.27,ten/i,
tero,2.27,ter/o,
tuta,2.27,tut/a,
veni,2.27,ven/i,
veturi,2.27,vetur/i,
vidi,2.27,vid/i,
viro,2.27,vir/o,
vivi,2.27,viv/i,
vojo,2.27,voj/o,
voli,2.27,vol/i,
vorto,2.27,vort/o,
ĉambro,2.27,ĉambr/o,
ĝoji,2.27,ĝoj/i,
ŝajni,2.27,ŝajn/i,
ar,2.54,ar,
daŭri,2.54,daŭr/i,
frue,2.54,fru/e,
kolekti,2.54,kolekt/i,
nulo,2.54,nul/o,
ofte,2.54,oft/e,
precipe,2.54,precip/e,
supre,2.54,supr/e,
akvo,2.77,akv/o,
arbo,2.77,arb/o,
arto,2.77,art/o,
atendi,2.77,atend/i,
aĉeti,2.77,aĉet/i,
aŭdi,2.77,aŭd/i,
bati,2.77,bat/i,
bezoni,2.77,bezon/i,
bildo,2.77,bild/o,
birdo,2.77,bird/o,
blanka,2.77,blank/a,
bruli,2.77,brul/i,
buŝo,2.77,buŝ/o,
certa,2.77,cert/a,
danki,2.77,dank/i,
dekstra,2.77,dekstr/a,
dolĉa,2.77,dolĉ/a,
domo,2.77,dom/o,
dormi,2.77,dorm/i,
edzo,2.77,edz/o,
fali,2.77,fal/i,
familio,2.77,famili/o,
fenestro,2.77,fenestr/o,
fermi,2.77,ferm/i,
filo,2.77,fil/o,
fingro,2.77,fingr/o,
flugi,2.77,flug/i,
frato,2.77,frat/o,
fraŭlo,2.77,fraŭl/o,
frukto,2.77,frukt/o,
haro,2.77,har/o,
hejmo,2.77,hejm/o,
horo,2.77,hor/o,
interesi,2.77,interes/i,
kanti,2.77,kant/i,
knabo,2.77,knab/o,
koloro,2.77,kolor/o,
konsili,2.77,konsil/i,
konstrui,2.77,konstru/i,
kosti,2.77,kost/i,
kreski,2.77,kresk/i,
krii,2.77,kri/i,
kuraĝa,2.77,kuraĝ/a,
kuri,2.77,kur/i,
lasi,2.77,las/i,
letero,2.77,leter/o,
libro,2.77,libr/o,
lingvo,2.77,lingv/o,
lito,2.77,lit/o,
lumi,2.77,lum/i,
manki,2.77,mank/i,
manĝi,2.77,manĝ/i,
maro,2.77,mar/o,
mateno,2.77,maten/o,
memori,2.77,memor/i,
miri,2.77,mir/i,
mono,2.77,mon/o,
monto,2.77,mont/o,
muro,2.77,mur/o,
naski,2.77,nask/i,
necesa,2.77,neces/a,
nigra,2.77,nigr/a,
okulo,2.77,okul/o,
okupi,2.77,okup/i,
paco,2.77,pac/o,
pagi,2.77,pag/i,
parto,2.77,part/o,
pasi,2.77,pas/i,
peco,2.77,pec/o,
pensi,2.77,pens/i,
perdi,2.77,perd/i,
permesi,2.77,permes/i,
persono,2.77,person/o,
piedo,2.77,pied/o,
popolo,2.77,popol/o,
pordo,2.77,pord/o,
premi,2.77,prem/i,
prezenti,2.77,prezent/i,
propra,2.77,propr/a,
provi,2.77,prov/i,
punkto,2.77,punkt/o,
pura,2.77,pur/a,
rajto,2.77,rajt/o,
rakonti,2.77,rakont/i,
regi,2.77,reg/i,
renkonti,2.77,renkont/i,
rigardi,2.77,rigard/i,
rimarki,2.77,rimark/i,
semajno,2.77,semajn/o,
senti,2.77,sent/i,
serĉi,2.77,serĉ/i,
simpla,2.77,simpl/a,
sola,2.77,sol/a,
soni,2.77,son/i,
suno,2.77,sun/o,
tablo,2.77,tabl/o,
timi,2.77,tim/i,
tiri,2.77,tir/i,
trankvila,2.77,trankvil/a,
trinki,2.77,trink/i,
turni,2.77,turn/i,
urbo,2.77,urb/o,
uzi,2.77,uz/i,
valoro,2.77,valor/o,
varma,2.77,varm/a,
vento,2.77,vent/o,
vera,2.77,ver/a,
vespero,2.77,vesper/o,
vesto,2.77,vest/o,
vizaĝo,2.77,vizaĝ/o,
vojaĝi,2.77,vojaĝ/i,
ĉielo,2.77,ĉiel/o,
ĵeti,2.77,ĵet/i,
ŝanĝi,2.77,ŝanĝ/i,
frua,3,fru/a,
intereso,3,interes/o,
aero,3.27,aer/o,
agrabla,3.27,agrabl/a,
akcepti,3.27,akcept/i,
amaso,3.27,amas/o,
aperi,3.27,aper/i,
atenta,3.27,atent/a,
aĝo,3.27,aĝ/o,
aŭskulti,3.27,aŭskult/i,
aŭtuno,3.27,aŭtun/o,
besto,3.27,best/o,
blua,3.27,blu/a,
brili,3.27,bril/i,
celo,3.27,cel/o,
dento,3.27,dent/o,
dika,3.27,dik/a,
direkto,3.27,direkt/o,
diversa,3.27,divers/a,
doloro,3.27,dolor/o,
dubi,3.27,dub/i,
elekti,3.27,elekt/i,
erari,3.27,erar/i,
esperi,3.27,esper/i,
fiŝo,3.27,fiŝ/o,
floro,3.27,flor/o,
forgesi,3.27,forges/i,
fremda,3.27,fremd/a,
gaja,3.27,gaj/a,
gazeto,3.27,gazet/o,
glaso,3.27,glas/o,
historio,3.27,histori/o,
hundo,3.27,hund/o,
ideo,3.27,ide/o,
kalkuli,3.27,kalkul/i,
kapti,3.27,kapt/i,
kara,3.27,kar/a,
kato,3.27,kat/o,
kaŝi,3.27,kaŝ/i,
kaŭzo,3.27,kaŭz/o,
koleri,3.27,koler/i,
komerci,3.27,komerc/i,
komuna,3.27,komun/a,
konduki,3.27,konduk/i,
konsenti,3.27,konsent/i,
kontenta,3.27,kontent/a,
korpo,3.27,korp/o,
kovri,3.27,kovr/i,
kuiri,3.27,kuir/i,
kuŝi,3.27,kuŝ/i,
laca,3.27,lac/a,
lakto,3.27,lakt/o,
larĝa,3.27,larĝ/a,
lavi,3.27,lav/i,
ligi,3.27,lig/i,
ludi,3.27,lud/i,
marko,3.27,mark/o,
mezo,3.27,mez/o,
minuto,3.27,minut/o,
monato,3.27,monat/o,
naturo,3.27,natur/o,
nazo,3.27,naz/o,
neĝo,3.27,neĝ/o,
nokto,3.27,nokt/o,
nubo,3.27,nub/o,
onklo,3.27,onkl/o,
opinii,3.27,opini/i,
orelo,3.27,orel/o,
pano,3.27,pan/o,
papero,3.27,paper/o,
pardoni,3.27,pardon/i,
plori,3.27,plor/i,
pluvo,3.27,pluv/o,
preta,3.27,pret/a,
printempo,3.27,printemp/o,
ripozi,3.27,ripoz/i,
rivero,3.27,river/o,
rompi,3.27,romp/i,
saluti,3.27,salut/i,
sana,3.27,san/a,
sata,3.27,sat/a,
servi,3.27,serv/i,
seĝo,3.27,seĝ/o,
silenti,3.27,silent/i,
somero,3.27,somer/o,
strato,3.27,strat/o,
sufiĉa,3.27,sufiĉ/a,
tranĉi,3.27,tranĉ/i,
tuŝi,3.27,tuŝ/i,
utila,3.27,util/a,
vendi,3.27,vend/i,
verda,3.27,verd/a,
vintro,3.27,vintr/o,
voki,3.27,vok/i,
zorgi,3.27,zorg/i,
ĝardeno,3.27,ĝarden/o,
ĝusta,3.27,ĝust/a,
ŝipo,3.27,ŝip/o,
ŝtono,3.27,ŝton/o,
preter,3.33,preter,
ĉia,3.33,ĉia,
agi,3.77,ag/i,
aprilo,3.77,april/o,
atingi,3.77,ating/i,
aŭgusto,3.77,aŭgust/o,
bani,3.77,ban/i,
decembro,3.77,decembr/o,
decidi,3.77,decid/i,
dimanĉo,3.77,dimanĉ/o,
ekzisti,3.77,ekzist/i,
februaro,3.77,februar/o,
fiksi,3.77,fiks/i,
flui,3.77,flu/i,
grupo,3.77,grup/o,
instrui,3.77,instru/i,
inviti,3.77,invit/i,
januaro,3.77,januar/o,
julio,3.77,juli/o,
junio,3.77,juni/o,
kafo,3.77,kaf/o,
karto,3.77,kart/o,
klaso,3.77,klas/o,
lundo,3.77,lund/o,
majo,3.77,maj/o,
mardo,3.77,mard/o,
marto,3.77,mart/o,
merkredo,3.77,merkred/o,
mola,3.77,mol/a,
novembro,3.77,novembr/o,
oktobro,3.77,oktobr/o,
paĝo,3.77,paĝ/o,
pendi,3.77,pend/i,
peza,3.77,pez/a,
plaĉi,3.77,plaĉ/i,
poŝto,3.77,poŝt/o,
puŝi,3.77,puŝ/i,
sabato,3.77,sabat/o,
saĝa,3.77,saĝ/a,
septembro,3.77,septembr/o,
simila,3.77,simil/a,
studi,3.77,stud/i,
sukcesi,3.77,sukces/i,
vendredo,3.77,vendred/o,
verko,3.77,verk/o,
viziti,3.77,vizit/i,
ĵaŭdo,3.77,ĵaŭd/o,
ŝati,3.77,ŝat/i,
daŭro,4,daŭr/o,
kolekto,4,kolekt/o,
ligo,4,lig/o,
nul,4,nul,
precipa,4,precip/a,
supro,4,supr/o,
bedaŭri,4.27,bedaŭr/i,
gvidi,4.27,gvid/i,
miksi,4.27,miks/i,
paro,4.27,par/o,
publiko,4.27,publik/o,
sperta,4.27,spert/a,
teo,4.27,te/o,
trovi,4.27,trov/i,
venki,4.27,venk/i,
volvi,4.27,volv/i,
afabla,4.33,afabl/a,
halti,4.33,halt/i,
korto,4.33,kort/o,
postuli,4.33,postul/i,
rimedo,4.33,rimed/o,
ĉevalo,4.33,ĉeval/o,
dato,4.77,dat/o,
angulo,4.83,angul/o,
aparta,4.83,apart/a,
avo,4.83,av/o,
batali,4.83,batal/i,
bordo,4.83,bord/o,
brako,4.83,brak/o,
brui,4.83,bru/i,
ekzemplo,4.83,ekzempl/o,
fajro,4.83,fajr/o,
fero,4.83,fer/o,
festi,4.83,fest/i,
frapi,4.83,frap/i,
gajni,4.83,gajn/i,
hela,4.83,hel/a,
interna,4.83,intern/a,
justa,4.83,just/a,
kolo,4.83,kol/o,
kutimo,4.83,kutim/o,
ligno,4.83,lign/o,
linio,4.83,lini/o,
mezuri,4.83,mezur/i,
momento,4.83,moment/o,
nombro,4.83,nombr/o,
ordo,4.83,ord/o,
ordoni,4.83,ordon/i,
paŝi,4.83,paŝ/i,
peni,4.83,pen/i,
planko,4.83,plank/o,
plendi,4.83,plend/i,
plezuro,4.83,plezur/o,
plumo,4.83,plum/o,
prava,4.83,prav/a,
profunda,4.83,profund/a,
rondo,4.83,rond/o,
rozo,4.83,roz/o,
salti,4.83,salt/i,
sango,4.83,sang/o,
speco,4.83,spec/o,
stacio,4.83,staci/o,
stato,4.83,stat/o,
suferi,4.83,sufer/i,
sukero,4.83,suker/o,
vagono,4.83,vagon/o,
veki,4.83,vek/i,
vetero,4.83,veter/o,
vilaĝo,4.83,vilaĝ/o,
vitro,4.83,vitr/o,
ĉapelo,4.83,ĉapel/o,
fiksa,5,fiks/a,
produkto,5,produkt/o,
prunto,5,prunt/o,
rulo,5,rul/o,
aŭto,5.27,aŭt/o,
adreso,5.33,adres/o,
amuzi,5.33,amuz/i,
animo,5.33,anim/o,
aranĝi,5.33,aranĝ/i,
arĝento,5.33,arĝent/o,
benko,5.33,benk/o,
bovo,5.33,bov/o,
bruna,5.33,brun/a,
brusto,5.33,brust/o,
butero,5.33,buter/o,
cetera,5.33,ceter/a,
danĝero,5.33,danĝer/o,
donaco,5.33,donac/o,
dorso,5.33,dors/o,
efektiva,5.33,efekt/iv/a,
efiki,5.33,efik/i,
egala,5.33,egal/a,
estimi,5.33,estim/i,
flava,5.33,flav/a,
folio,5.33,foli/o,
fonto,5.33,font/o,
freŝa,5.33,freŝ/a,
fundo,5.33,fund/o,
gardi,5.33,gard/i,
genuo,5.33,genu/o,
glacio,5.33,glaci/o,
griza,5.33,griz/a,
herbo,5.33,herb/o,
horloĝo,5.33,horloĝ/o,
inko,5.33,ink/o,
insekto,5.33,insekt/o,
intenci,5.33,intenc/i,
juĝi,5.33,juĝ/i,
kapabla,5.33,kapabl/a,
klini,5.33,klin/i,
koko,5.33,kok/o,
kompati,5.33,kompat/i,
konservi,5.33,konserv/i,
koverto,5.33,kovert/o,
krajono,5.33,krajon/o,
krei,5.33,kre/i,
kruco,5.33,kruc/o,
kruro,5.33,krur/o,
kuko,5.33,kuk/o,
kulero,5.33,kuler/o,
kulpa,5.33,kulp/a,
kuraci,5.33,kurac/i,
kuzo,5.33,kuz/o,
lago,5.33,lag/o,
lango,5.33,lang/o,
lerta,5.33,lert/a,
leĝo,5.33,leĝ/o,
limo,5.33,lim/o,
luno,5.33,lun/o,
maniero,5.33,manier/o,
marŝi,5.33,marŝ/i,
mastro,5.33,mastr/o,
moki,5.33,mok/i,
muziko,5.33,muzik/o,
numero,5.33,numer/o,
objekto,5.33,objekt/o,
ofico,5.33,ofic/o,
ombro,5.33,ombr/o,
ordinara,5.33,ordinar/a,
ovo,5.33,ov/o,
pako,5.33,pak/o,
plafono,5.33,plafon/o,
porko,5.33,pork/o,
poŝo,5.33,poŝ/o,
preferi,5.33,prefer/i,
prepari,5.33,prepar/i,
promeni,5.33,promen/i,
promesi,5.33,promes/i,
radio,5.33,radi/o,
regiono,5.33,region/o,
rekta,5.33,rekt/a,
religio,5.33,religi/o,
reĝo,5.33,reĝ/o,
ripeti,5.33,ripet/i,
ruli,5.33,rul/i,
sako,5.33,sak/o,
seka,5.33,sek/a,
senco,5.33,senc/o,
serioza,5.33,serioz/a,
spiri,5.33,spir/i,
spirito,5.33,spirit/o,
stelo,5.33,stel/o,
sumo,5.33,sum/o,
telero,5.33,teler/o,
teruro,5.33,terur/o,
tondi,5.33,tond/i,
trafi,5.33,traf/i,
truo,5.33,tru/o,
vaporo,5.33,vapor/o,
vasta,5.33,vast/a,
vino,5.33,vin/o,
voĉo,5.33,voĉ/o,
ĉesi,5.33,ĉes/i,
ŝafo,5.33,ŝaf/o,
ŝlosi,5.33,ŝlos/i,
ŝtato,5.33,ŝtat/o,
ŝteli,5.33,ŝtel/i,
ŝtupo,5.33,ŝtup/o,
dio,5.67,di/o,
fendi,5.67,fend/i,
foti,5.67,fot/i,
ha,5.67,ha,
ho,5.67,ho,
i,5.67,i,NEEDS_TRANS
inkluziva,5.67,inkluziv/a,
kolego,5.67,koleg/o,
komputi,5.67,komput/i,
kontakto,5.67,kontakt/o,
kotizi,5.67,kotiz/i,
kristo,5.67,krist/o,
nepre,5.67,nepr/e,
novelo,5.67,novel/o,
produkti,5.67,produkt/i,
prunti,5.67,prunt/i,
registri,5.67,registr/i,
rezervi,5.67,rezerv/i,
sonori,5.67,sonor/i,
streki,5.67,strek/i,
taŭgi,5.67,taŭg/i,
volonte,5.67,volont/e,
akiri,5.83,akir/i,
akompani,5.83,akompan/i,
akra,5.83,akr/a,
anonci,5.83,anonc/i,
aparteni,5.83,aparten/i,
apogi,5.83,apog/i,
aprobi,5.83,aprob/i,
armi,5.83,arm/i,
ataki,5.83,atak/i,
averti,5.83,avert/i,
baro,5.83,bar/o,
bastono,5.83,baston/o,
blovi,5.83,blov/i,
boli,5.83,bol/i,
botelo,5.83,botel/o,
branĉo,5.83,branĉ/o,
butono,5.83,buton/o,
cifero,5.83,cifer/o,
danci,5.83,danc/i,
defendi,5.83,defend/i,
delikata,5.83,delikat/a,
densa,5.83,dens/a,
desegni,5.83,desegn/i,
diferenci,5.83,diferenc/i,
doktoro,5.83,doktor/o,
ebena,5.83,eben/a,
eduki,5.83,eduk/i,
estingi,5.83,esting/i,
eviti,5.83,evit/i,
fadeno,5.83,faden/o,
fako,5.83,fak/o,
fakto,5.83,fakt/o,
falsi,5.83,fals/i,
fama,5.83,fam/a,
fidela,5.83,fidel/a,
fiera,5.83,fier/a,
firma,5.83,firm/a,
flago,5.83,flag/o,
forko,5.83,fork/o,
fumo,5.83,fum/o,
gaso,5.83,gas/o,
gasto,5.83,gast/o,
graso,5.83,gras/o,
guto,5.83,gut/o,
haŭto,5.83,haŭt/o,
hejti,5.83,hejt/i,
honesta,5.83,honest/a,
honoro,5.83,honor/o,
honti,5.83,hont/i,
ial,5.83,ial,
iel,5.83,iel,
ies,5.83,ies,
imagi,5.83,imag/i,
imiti,5.83,imit/i,
industrio,5.83,industri/o,
informi,5.83,inform/i,
insulo,5.83,insul/o,
jako,5.83,jak/o,
kajero,5.83,kajer/o,
kesto,5.83,kest/o,
kisi,5.83,kis/i,
komforta,5.83,komfort/a,
kompari,5.83,kompar/i,
kondiĉo,5.83,kondiĉ/o,
konduti,5.83,kondut/i,
konscii,5.83,konsci/i,
konsisti,5.83,konsist/i,
konstanta,5.83,konstant/a,
konvena,5.83,konven/a,
korespondi,5.83,korespond/i,
kulturi,5.83,kultur/i,
kvieta,5.83,kviet/a,
lampo,5.83,lamp/o,
leciono,5.83,lecion/o,
legomo,5.83,legom/o,
lipo,5.83,lip/o,
litero,5.83,liter/o,
matura,5.83,matur/a,
maŝino,5.83,maŝin/o,
meblo,5.83,mebl/o,
mendi,5.83,mend/i,
mensogi,5.83,mensog/i,
meriti,5.83,merit/i,
metalo,5.83,metal/o,
mieno,5.83,mien/o,
miliono,5.83,milion/o,
minaci,5.83,minac/i,
najbaro,5.83,najbar/o,
naĝi,5.83,naĝ/i,
nepo,5.83,nep/o,
nevo,5.83,nev/o,
nordo,5.83,nord/o,
noto,5.83,not/o,
obei,5.83,obe/i,
okcidento,5.83,okcident/o,
oleo,5.83,ole/o,
ondo,5.83,ond/o,
organizi,5.83,organ/iz/i,
oriento,5.83,orient/o,
oro,5.83,or/o,
osto,5.83,ost/o,
pacienca,5.83,pacienc/a,
pafi,5.83,paf/i,
pantalono,5.83,pantalon/o,
parenco,5.83,parenc/o,
pasto,5.83,past/o,
peli,5.83,pel/i,
pentri,5.83,pentr/i,
piki,5.83,pik/i,
pilko,5.83,pilk/o,
pinto,5.83,pint/o,
planti,5.83,plant/i,
pluraj,5.83,plur/aj,
polico,5.83,polic/o,
pomo,5.83,pom/o,
ponto,5.83,pont/o,
posedi,5.83,posed/i,
praktiko,5.83,praktik/o,
preciza,5.83,preciz/a,
premio,5.83,premi/o,
presi,5.83,pres/i,
prezo,5.83,prez/o,
preĝi,5.83,preĝ/i,
progresi,5.83,progres/i,
puni,5.83,pun/i,
rado,5.83,rad/o,
regulo,5.83,regul/o,
rekomendi,5.83,rekomend/i,
respekti,5.83,respekt/i,
reto,5.83,ret/o,
rezulti,5.83,rezult/i,
rifuzi,5.83,rifuz/i,
rikolti,5.83,rikolt/i,
rilati,5.83,rilat/i,
ripari,5.83,ripar/i,
riproĉi,5.83,riproĉ/i,
salo,5.83,sal/o,
sankta,5.83,sankt/a,
sapo,5.83,sap/o,
savi,5.83,sav/i,
scienco,5.83,scienc/o,
sekreto,5.83,sekret/o,
semo,5.83,sem/o,
serio,5.83,seri/o,
sezono,5.83,sezon/o,
signo,5.83,sign/o,
skatolo,5.83,skatol/o,
soifi,5.83,soif/i,
soldato,5.83,soldat/o,
speciala,5.83,special/a,
spezi,5.83,spez/i,
stranga,5.83,strang/a,
streĉi,5.83,streĉ/i,
subita,5.83,subit/a,
sudo,5.83,sud/o,
supo,5.83,sup/o,
tabulo,5.83,tabul/o,
taso,5.83,tas/o,
tegmento,5.83,tegment/o,
telefono,5.83,tele/fon/o,
tolo,5.83,tol/o,
tremi,5.83,trem/i,
trompi,5.83,tromp/i,
tuko,5.83,tuk/o,
valo,5.83,val/o,
vango,5.83,vang/o,
viando,5.83,viand/o,
vico,5.83,vic/o,
vigla,5.83,vigl/a,
viŝi,5.83,viŝ/i,
vundo,5.83,vund/o,
ĉapitro,5.83,ĉapitr/o,
ĉasi,5.83,ĉas/i,
ĉemizo,5.83,ĉemiz/o,
ĉiel,5.83,ĉiel,
ĝenerala,5.83,ĝeneral/a,
ĝeni,5.83,ĝen/i,
ĝentila,5.83,ĝentil/a,
ŝanco,5.83,ŝanc/o,
ŝiri,5.83,ŝir/i,
ŝranko,5.83,ŝrank/o,
ŝtrumpo,5.83,ŝtrump/o,
ŝuo,5.83,ŝu/o,
armo,6,arm/o,
falsa,6,fals/a,
foso,6,fos/o,
kilogramo,6,kilo/gram/o,
nepra,6,nepr/a,
planto,6,plant/o,
poluro,6,polur/o,
taŭga,6,taŭg/a,
volonta,6,volont/a,
ŝarĝo,6,ŝarĝ/o,
adiaŭ,6.33,adiaŭ,
akcidento,6.33,akcident/o,
aparato,6.33,aparat/o,
armeo,6.33,arme/o,
artikolo,6.33,artikol/o,
aspekti,6.33,aspekt/i,
aŭtobuso,6.33,aŭtobus/o,
babili,6.33,babil/i,
banko,6.33,bank/o,
biero,6.33,bier/o,
bileto,6.33,bilet/o,
blinda,6.33,blind/a,
centro,6.33,centr/o,
des,6.33,des,
detrui,6.33,detru/i,
difekti,6.33,difekt/i,
difini,6.33,difin/i,
diligenta,6.33,diligent/a,
diskuti,6.33,diskut/i,
dividi,6.33,divid/i,
ekskursi,6.33,ekskurs/i,
ekzameni,6.33,ekzamen/i,
ekzerci,6.33,ekzerc/i,
elektro,6.33,elektr/o,
embaraso,6.33,embaras/o,
energio,6.33,energi/o,
epoko,6.33,epok/o,
esplori,6.33,esplor/i,
esprimi,6.33,esprim/i,
etaĝo,6.33,etaĝ/o,
etendi,6.33,etend/i,
eterna,6.33,etern/a,
evidenta,6.33,evident/a,
evolui,6.33,evolu/i,
faldi,6.33,fald/i,
fandi,6.33,fand/i,
farti,6.33,fart/i,
favora,6.33,favor/a,
ferio,6.33,feri/o,
fianĉo,6.33,fianĉ/o,
fidi,6.33,fid/i,
figuro,6.33,figur/o,
filmo,6.33,film/o,
flamo,6.33,flam/o,
fortika,6.33,fortik/a,
fulmo,6.33,fulm/o,
glata,6.33,glat/a,
grado,6.33,grad/o,
gusto,6.33,gust/o,
haveno,6.33,haven/o,
heziti,6.33,hezit/i,
hotelo,6.33,hotel/o,
humila,6.33,humil/a,
humoro,6.33,humor/o,
jupo,6.33,jup/o,
kamarado,6.33,kamarad/o,
karaktero,6.33,karakter/o,
kavo,6.33,kav/o,
klera,6.33,kler/a,
komuniki,6.33,komunik/i,
koncerni,6.33,koncern/i,
kongreso,6.33,kongres/o,
konsideri,6.33,konsider/i,
konsoli,6.33,konsol/i,
konstati,6.33,konstat/i,
kruda,6.33,krud/a,
kudri,6.33,kudr/i,
kurso,6.33,kurs/o,
kvalito,6.33,kvalit/o,
kvanto,6.33,kvant/o,
lano,6.33,lan/o,
laŭdi,6.33,laŭd/i,
laŭta,6.33,laŭt/a,
litro,6.33,litr/o,
lui,6.33,lu/i,
lukso,6.33,luks/o,
magazeno,6.33,magazen/o,
malgraŭ,6.33,malgraŭ,
mantelo,6.33,mantel/o,
membro,6.33,membr/o,
metio,6.33,meti/o,
metro,6.33,metr/o,
milda,6.33,mild/a,
mizero,6.33,mizer/o,
modo,6.33,mod/o,
moro,6.33,mor/o,
murmuri,6.33,murmur/i,
muta,6.33,mut/a,
nebulo,6.33,nebul/o,
nesto,6.33,nest/o,
nuda,6.33,nud/a,
nutri,6.33,nutr/i,
odori,6.33,odor/i,
oportuna,6.33,oportun/a,
oranĝo,6.33,oranĝ/o,
organo,6.33,organ/o,
origino,6.33,origin/o,
ornami,6.33,ornam/i,
pala,6.33,pal/a,
placo,6.33,plac/o,
plano,6.33,plan/o,
politiko,6.33,politik/o,
potenco,6.33,potenc/o,
prezidi,6.33,prezid/i,
privata,6.33,privat/a,
protesti,6.33,protest/i,
prudenta,6.33,prudent/a,
radiko,6.33,radik/o,
rajdi,6.33,rajd/i,
relo,6.33,rel/o,
reprezenti,6.33,re/prezent/i,
restoracio,6.33,restoraci/o,
ringo,6.33,ring/o,
rizo,6.33,riz/o,
ruza,6.33,ruz/a,
sablo,6.33,sabl/o,
sceno,6.33,scen/o,
sekundo,6.33,sekund/o,
severa,6.33,sever/a,
signifi,6.33,signif/i,
sincera,6.33,sincer/a,
societo,6.33,societ/o,
socio,6.33,soci/o,
solvi,6.33,solv/i,
sonĝi,6.33,sonĝ/i,
spaco,6.33,spac/o,
stomako,6.33,stomak/o,
stulta,6.33,stult/a,
suko,6.33,suk/o,
supozi,6.33,supoz/i,
surprizi,6.33,surpriz/i,
tabelo,6.33,tabel/o,
taksi,6.33,taks/i,
tasko,6.33,task/o,
temo,6.33,tem/o,
titolo,6.33,titol/o,
toleri,6.33,toler/i,
tombo,6.33,tomb/o,
tondro,6.33,tondr/o,
traduki,6.33,traduk/i,
turo,6.33,tur/o,
urĝi,6.33,urĝ/i,
valizo,6.33,valiz/o,
vana,6.33,van/a,
ventro,6.33,ventr/o,
verŝi,6.33,verŝ/i,
zono,6.33,zon/o,
ĉapo,6.33,ĉap/o,
ĉarma,6.33,ĉarm/a,
ĉokolado,6.33,ĉokolad/o,
ĝui,6.33,ĝu/i,
ŝpari,6.33,ŝpar/i,
ŝtopi,6.33,ŝtop/i,
ŝuldi,6.33,ŝuld/i,
ŝultro,6.33,ŝultr/o,
ŝveli,6.33,ŝvel/i,
ŝvito,6.33,ŝvit/o,
aboni,6.83,abon/i,
admiri,6.83,admir/i,
asocio,6.83,asoci/o,
bazo,6.83,baz/o,
biblioteko,6.83,bibliotek/o,
biciklo,6.83,bicikl/o,
boato,6.83,boat/o,
butiko,6.83,butik/o,
cedi,6.83,ced/i,
cerbo,6.83,cerb/o,
distingi,6.83,disting/i,
ekonomio,6.83,ekonomi/o,
ekstrema,6.83,ekstrem/a,
ekvilibro,6.83,ekvilibr/o,
escepti,6.83,escept/i,
esenco,6.83,esenc/o,
fabriko,6.83,fabrik/o,
fervora,6.83,fervor/a,
fleksi,6.83,fleks/i,
funkcio,6.83,funkci/o,
gratuli,6.83,gratul/i,
hospitalo,6.83,hospital/o,
idealo,6.83,ideal/o,
influi,6.83,influ/i,
ju,6.83,ju,
kaso,6.83,kas/o,
kontroli,6.83,kontrol/i,
kritiki,6.83,kritik/i,
literaturo,6.83,literatur/o,
mapo,6.83,map/o,
metodo,6.83,metod/o,
moderna,6.83,modern/a,
modesta,6.83,modest/a,
motoro,6.83,motor/o,
nenies,6.83,nenies,
neniom,6.83,neniom,
normala,6.83,normal/a,
oferi,6.83,ofer/i,
oficiala,6.83,oficial/a,
originalo,6.83,original/o,
parko,6.83,park/o,
pejzaĝo,6.83,pejzaĝ/o,
penetri,6.83,penetr/i,
perfekta,6.83,perfekt/a,
poemo,6.83,poem/o,
problemo,6.83,problem/o,
profesio,6.83,profesi/o,
profito,6.83,profit/o,
rabi,6.83,rab/i,
raporti,6.83,raport/i,
reciproka,6.83,reciprok/a,
revi,6.83,rev/i,
revuo,6.83,revu/o,
salono,6.83,salon/o,
sistemo,6.83,sistem/o,
sovaĝa,6.83,sovaĝ/a,
sporto,6.83,sport/o,
studento,6.83,student/o,
teatro,6.83,teatr/o,
temperaturo,6.83,temperatur/o,
tipo,6.83,tip/o,
tono,6.83,ton/o,
tordi,6.83,tord/i,
trakti,6.83,trakt/i,
treni,6.83,tren/i,
varii,6.83,vari/i,
varo,6.83,var/o,
ĵurnalo,6.83,ĵurnal/o,
ŝovi,6.83,ŝov/i,
ŝuti,6.83,ŝut/i,
azeno,6.9,azen/o,
greno,6.9,gren/o,
korbo,6.9,korb/o,
abio,7,abi/o,
acida,7,acid/a,
aglo,7,agl/o,
agordo,7,agord/o,
boto,7,bot/o,
burĝo,7,burĝ/o,
daŭrigi,7,daŭr/ig/i,
domaĝi,7,domaĝ/i,
faldo,7,fald/o,
fojno,7,fojn/o,
fotografi,7,fot/o/graf/i,
gluo,7,glu/o,
klingo,7,kling/o,
masoni,7,mason/i,
pajlo,7,pajl/o,
pipo,7,pip/o,
proksimuma,7,proksim/um/a,
registro,7,registr/o,
scivola,7,sci/vol/a,
solido,7,solid/o,
sonoro,7,sonor/o,
streko,7,strek/o,
telegrafo,7,tele/graf/o,
terpomo,7,ter/pom/o,
ve!,7,ve!,
absoluta,7.33,absolut/a,
afriko,7.33,afrik/o,
aktiva,7.33,aktiv/a,
aktoro,7.33,aktor/o,
ameriko,7.33,amerik/o,
azio,7.33,azi/o,
aŭtoro,7.33,aŭtor/o,
bendo,7.33,bend/o,
bloko,7.33,blok/o,
deci,7.33,dec/i,
disponi,7.33,dispon/i,
dokumento,7.33,dokument/o,
elemento,7.33,element/o,
eŭropo,7.33,eŭrop/o,
familiara,7.33,familiar/a,
fantazio,7.33,fantazi/o,
frazo,7.33,fraz/o,
fuŝi,7.33,fuŝ/i,
gumo,7.33,gum/o,
klasika,7.33,klasik/a,
klopodi,7.33,klopod/i,
klubo,7.33,klub/o,
kompanio,7.33,kompani/o,
konversacii,7.33,konversaci/i,
korekti,7.33,korekt/i,
mencii,7.33,menci/i,
ministro,7.33,ministr/o,
muzeo,7.33,muze/o,
neniel,7.33,neniel,
po,7.33,po,
prelegi,7.33,preleg/i,
procento,7.33,procent/o,
prononci,7.33,prononc/i,
proponi,7.33,propon/i,
rabato,7.33,rabat/o,
redakti,7.33,redakt/i,
rolo,7.33,rol/o,
romano,7.33,roman/o,
situacio,7.33,situaci/o,
televidi,7.33,televid/i,
ties,7.33,ties,
trafiko,7.33,trafik/o,
trudi,7.33,trud/i,
universala,7.33,universal/a,
universitato,7.33,universitat/o,
ĉies,7.33,ĉies,
ĉiom,7.33,ĉiom,
avara,7.4,avar/a,
balai,7.4,bala/i,
barbo,7.4,barb/o,
beko,7.4,bek/o,
broso,7.4,bros/o,
flegi,7.4,fleg/i,
forno,7.4,forn/o,
fosi,7.4,fos/i,
fromaĝo,7.4,fromaĝ/o,
frunto,7.4,frunt/o,
gliti,7.4,glit/i,
kameno,7.4,kamen/o,
kapro,7.4,kapr/o,
karbo,7.4,karb/o,
kelo,7.4,kel/o,
kombi,7.4,komb/i,
konfesi,7.4,konfes/i,
korno,7.4,korn/o,
kravato,7.4,kravat/o,
krimo,7.4,krim/o,
kuvo,7.4,kuv/o,
muŝo,7.4,muŝ/o,
pinglo,7.4,pingl/o,
plata,7.4,plat/a,
plugi,7.4,plug/i,
polvo,7.4,polv/o,
poto,7.4,pot/o,
rando,7.4,rand/o,
regno,7.4,regn/o,
serpento,7.4,serpent/o,
skrapi,7.4,skrap/i,
sorto,7.4,sort/o,
spegulo,7.4,spegul/o,
spico,7.4,spic/o,
surda,7.4,surd/a,
tualeto,7.4,tualet/o,
tusi,7.4,tus/i,
ungo,7.4,ung/o,
vosto,7.4,vost/o,
ŝerci,7.4,ŝerc/i,
ŝnuro,7.4,ŝnur/o,
ŝoveli,7.4,ŝovel/i,
abunda,7.9,abund/a,
alumeto,7.9,alumet/o,
aventuro,7.9,aventur/o,
aŭtomato,7.9,aŭtomat/o,
balono,7.9,balon/o,
bero,7.9,ber/o,
bieno,7.9,bien/o,
blonda,7.9,blond/a,
brasiko,7.9,brasik/o,
breto,7.9,bret/o,
briko,7.9,brik/o,
bulo,7.9,bul/o,
cigaredo,7.9,cigared/o,
ciklo,7.9,cikl/o,
citrono,7.9,citron/o,
deklivo,7.9,dekliv/o,
dezerto,7.9,dezert/o,
direktoro,7.9,direktor/o,
distanco,7.9,distanc/o,
distri,7.9,distr/i,
diveni,7.9,diven/i,
drato,7.9,drat/o,
droni,7.9,dron/i,
eksciti,7.9,ekscit/i,
enui,7.9,enu/i,
fajfi,7.9,fajf/i,
farmi,7.9,farm/i,
faruno,7.9,farun/o,
fasko,7.9,fask/o,
floso,7.9,flos/o,
forĝi,7.9,forĝ/i,
frandi,7.9,frand/i,
freneza,7.9,frenez/a,
frosto,7.9,frost/o,
froti,7.9,frot/i,
globo,7.9,glob/o,
gorĝo,7.9,gorĝ/o,
gracia,7.9,graci/a,
grimpi,7.9,grimp/i,
grundo,7.9,grund/o,
haki,7.9,hak/i,
hirundo,7.9,hirund/o,
instinkto,7.9,instinkt/o,
kadro,7.9,kadr/o,
karoto,7.9,karot/o,
kaserolo,7.9,kaserol/o,
kataro,7.9,katar/o,
kaŭĉuko,7.9,kaŭĉuk/o,
kelnero,7.9,kelner/o,
komitato,7.9,komitat/o,
kotono,7.9,koton/o,
kremo,7.9,krem/o,
krevi,7.9,krev/i,
kroĉi,7.9,kroĉ/i,
kurbo,7.9,kurb/o,
kurioza,7.9,kurioz/a,
kvadrato,7.9,kvadrat/o,
lama,7.9,lam/a,
larmo,7.9,larm/o,
ledo,7.9,led/o,
leono,7.9,leon/o,
leporo,7.9,lepor/o,
logi,7.9,log/i,
majstro,7.9,majstr/o,
makulo,7.9,makul/o,
maniko,7.9,manik/o,
martelo,7.9,martel/o,
materialo,7.9,material/o,
matraco,7.9,matrac/o,
mentono,7.9,menton/o,
mordi,7.9,mord/i,
mueli,7.9,muel/i,
najlo,7.9,najl/o,
oferti,7.9,ofert/i,
partio,7.9,parti/o,
pasporto,7.9,pasport/o,
pastro,7.9,pastr/o,
peki,7.9,pek/i,
persekuti,7.9,persekut/i,
pesi,7.9,pes/i,
petoli,7.9,petol/i,
pino,7.9,pin/o,
pizo,7.9,piz/o,
plado,7.9,plad/o,
poeto,7.9,poet/o,
protekti,7.9,protekt/i,
pugno,7.9,pugn/o,
puto,7.9,put/o,
razi,7.9,raz/i,
renversi,7.9,renvers/i,
roko,7.9,rok/o,
salajro,7.9,salajr/o,
seruro,7.9,serur/o,
skalo,7.9,skal/o,
skulpti,7.9,skulpt/i,
stalo,7.9,stal/o,
standardo,7.9,standard/o,
sterni,7.9,stern/i,
tabako,7.9,tabak/o,
tapiŝo,7.9,tapiŝ/o,
teksi,7.9,teks/i,
tenti,7.9,tent/i,
tritiko,7.9,tritik/o,
tubo,7.9,tub/o,
vato,7.9,vat/o,
vazo,7.9,vaz/o,
vermo,7.9,verm/o,
verso,7.9,vers/o,
violo,7.9,viol/o,
ĉifono,7.9,ĉifon/o,
ĝemi,7.9,ĝem/i,
ŝirmi,7.9,ŝirm/i,
abomeno,8,abomen/o,
arda,8,ard/a,
aviadilo,8,aviad/il/o,
betulo,8,betul/o,
brakumi,8,brak/um/i,
bulvardo,8,bulvard/o,
dependi,8,de/pend/i,
deserto,8,desert/o,
detalo,8,detal/o,
diablo,8,diabl/o,
drapo,8,drap/o,
elturniĝi,8,el/turn/iĝ/i,
emocio,8,emoci/o,
ezoko,8,ezok/o,
fendo,8,fend/o,
fonografo,8,fon/o/graf/o,
frambo,8,framb/o,
fulgo,8,fulg/o,
funto,8,funt/o,
garaĝo,8,garaĝ/o,
gesti,8,gest/i,
gloro,8,glor/o,
hajlo,8,hajl/o,
he!,8,he!,
hufo,8,huf/o,
kaprica,8,kapric/a,
kilometro,8,kilo/metr/o,
kitelo,8,kitel/o,
kolumo,8,kol/um/o,
komplezi,8,komplez/i,
konfiti,8,konfit/i,
kopio,8,kopi/o,
korko,8,kork/o,
kukolo,8,kukol/o,
lameno,8,lamen/o,
malvarmumo,8,mal/varm/um/o,
mastrumi,8,mastr/um/i,
melki,8,melk/i,
meĥaniko,8,meĥanik/o,
meĥanismo,8,meĥan/ism/o,
milimetro,8,mili/metr/o,
munti,8,munt/i,
neto,8,net/o,
olivo,8,oliv/o,
operacii,8,operaci/i,
orfo,8,orf/o,
orto,8,ort/o,
panjo,8,panj/o,
pasko,8,pask/o,
paĉjo,8,paĉj/o,
paŭzi,8,paŭz/i,
pioĉo,8,pioĉ/o,
plenumi,8,plen/um/i,
pleto,8,plet/o,
provizo,8,proviz/o,
reklami,8,reklam/i,
rekompenco,8,rekompenc/o,
rekordo,8,rekord/o,
rezervo,8,rezerv/o,
ribeli,8,ribel/i,
sitelo,8,sitel/o,
stampo,8,stamp/o,
striki,8,strik/i,
stumpo,8,stump/o,
telegramo,8,tele/gram/o,
tempesto,8,tempest/o,
traktoro,8,traktor/o,
triangulo,8,tri/angul/o,
tribunalo,8,tribunal/o,
vergo,8,verg/o,
verto,8,vert/o,
vito,8,vit/o,
ĥemio,8,ĥemi/o,
abelo,8.4,abel/o,
adicii,8.4,adici/i,
adjektivo,8.4,adjektiv/o,
administri,8.4,administr/i,
admoni,8.4,admon/i,
adopti,8.4,adopt/i,
advokato,8.4,advokat/o,
afiŝo,8.4,afiŝ/o,
afranki,8.4,afrank/i,
akceli,8.4,akcel/i,
akurata,8.4,akurat/a,
albumo,8.4,album/o,
alkoholo,8.4,alkohol/o,
almozo,8.4,almoz/o,
amplekso,8.4,ampleks/o,
anaso,8.4,anas/o,
animalo,8.4,animal/o,
anĝelo,8.4,anĝel/o,
apartamento,8.4,apartament/o,
apetito,8.4,apetit/o,
apoteko,8.4,apotek/o,
araneo,8.4,arane/o,
arko,8.4,ark/o,
asekuri,8.4,asekur/i,
atesti,8.4,atest/i,
avenuo,8.4,avenu/o,
avida,8.4,avid/a,
aŭtomobilo,8.4,aŭt/o/mobil/o,
aŭtoritato,8.4,aŭtoritat/o,
baki,8.4,bak/i,
balanci,8.4,balanc/i,
barakti,8.4,barakt/i,
barelo,8.4,barel/o,
bazaro,8.4,bazar/o,
bebo,8.4,beb/o,
beni,8.4,ben/i,
benzino,8.4,benzin/o,
bluzo,8.4,bluz/o,
boji,8.4,boj/i,
bombono,8.4,bombon/o,
bori,8.4,bor/i,
brava,8.4,brav/a,
bremso,8.4,brems/o,
brovo,8.4,brov/o,
broŝuro,8.4,broŝur/o,
bubo,8.4,bub/o,
budo,8.4,bud/o,
cemento,8.4,cement/o,
cirkonstanco,8.4,cirkonstanc/o,
citi,8.4,cit/i,
civilizi,8.4,civil/iz/i,
dediĉi,8.4,dediĉ/i,
deficito,8.4,deficit/o,
degeli,8.4,degel/i,
deklari,8.4,deklar/i,
dekoracio,8.4,dekoraci/o,
delegi,8.4,deleg/i,
destini,8.4,destin/i,
disko,8.4,disk/o,
disputi,8.4,disput/i,
distribui,8.4,distribu/i,
dramo,8.4,dram/o,
dungi,8.4,dung/i,
duŝo,8.4,duŝ/o,
ebria,8.4,ebri/a,
eksperimento,8.4,eksperiment/o,
eksplodi,8.4,eksplod/i,
elefanto,8.4,elefant/o,
eleganta,8.4,elegant/a,
eminenta,8.4,eminent/a,
enigmo,8.4,enigm/o,
entrepreni,8.4,entrepren/i,
envii,8.4,envi/i,
fanfaroni,8.4,fanfaron/i,
farbo,8.4,farb/o,
faŭko,8.4,faŭk/o,
febro,8.4,febr/o,
felo,8.4,fel/o,
festeni,8.4,festen/i,
financo,8.4,financ/o,
fiziko,8.4,fizik/o,
flari,8.4,flar/i,
flirti,8.4,flirt/i,
foiro,8.4,foir/o,
fondi,8.4,fond/i,
fosto,8.4,fost/o,
frago,8.4,frag/o,
frakasi,8.4,frakas/i,
friti,8.4,frit/i,
frizi,8.4,friz/i,
fundamento,8.4,fundament/o,
funebro,8.4,funebr/o,
ganto,8.4,gant/o,
garantii,8.4,garanti/i,
genio,8.4,geni/o,
gladi,8.4,glad/i,
gluti,8.4,glut/i,
golfo,8.4,golf/o,
grajno,8.4,grajn/o,
heredi,8.4,hered/i,
heroo,8.4,hero/o,
hoko,8.4,hok/o,
humida,8.4,humid/a,
identa,8.4,ident/a,
ilustri,8.4,ilustr/i,
imperio,8.4,imperi/o,
importi,8.4,import/i,
imposto,8.4,impost/o,
impreso,8.4,impres/o,
indiferenta,8.4,indiferent/a,
inklina,8.4,inklin/a,
insisti,8.4,insist/i,
instali,8.4,instal/i,
instigi,8.4,instig/i,
instrumento,8.4,instrument/o,
insulti,8.4,insult/i,
intelekto,8.4,intelekt/o,
inteligenta,8.4,inteligent/a,
inĝeniero,8.4,inĝenier/o,
juro,8.4,jur/o,
juvelo,8.4,juvel/o,
kabineto,8.4,kabinet/o,
kajo,8.4,kaj/o,
kalendaro,8.4,kalendar/o,
kalkano,8.4,kalkan/o,
kalsono,8.4,kalson/o,
kamiono,8.4,kamion/o,
kandelo,8.4,kandel/o,
kanzono,8.4,kanzon/o,
kapitalo,8.4,kapital/o,
karesi,8.4,kares/i,
kastelo,8.4,kastel/o,
kateno,8.4,katen/o,
kemio,8.4,kemi/o,
kino,8.4,kin/o,
kliento,8.4,klient/o,
knedi,8.4,kned/i,
kolono,8.4,kolon/o,
komandi,8.4,komand/i,
komika,8.4,komik/a,
komisii,8.4,komisi/i,
komisiono,8.4,komision/o,
komo,8.4,kom/o,
kompleta,8.4,komplet/a,
koncerto,8.4,koncert/o,
kondamni,8.4,kondamn/i,
konferenco,8.4,konferenc/o,
konfidi,8.4,konfid/i,
konfirmi,8.4,konfirm/i,
konfuzi,8.4,konfuz/i,
konjekti,8.4,konjekt/i,
konkludi,8.4,konklud/i,
konkuri,8.4,konkur/i,
konscienco,8.4,konscienc/o,
kontrakti,8.4,kontrakt/i,
konvinki,8.4,konvink/i,
kordo,8.4,kord/o,
koto,8.4,kot/o,
krado,8.4,krad/o,
krano,8.4,kran/o,
krepusko,8.4,krepusk/o,
kreto,8.4,kret/o,
kripla,8.4,kripl/a,
krizo,8.4,kriz/o,
krono,8.4,kron/o,
kruela,8.4,kruel/a,
krusto,8.4,krust/o,
kruta,8.4,krut/a,
kruĉo,8.4,kruĉ/o,
kubuto,8.4,kubut/o,
kuglo,8.4,kugl/o,
kupro,8.4,kupr/o,
kurteno,8.4,kurten/o,
kvartalo,8.4,kvartal/o,
kverko,8.4,kverk/o,
leki,8.4,lek/i,
lifto,8.4,lift/o,
listo,8.4,list/o,
lupo,8.4,lup/o,
mamo,8.4,mam/o,
mandato,8.4,mandat/o,
marĉo,8.4,marĉ/o,
masto,8.4,mast/o,
maĉi,8.4,maĉ/i,
medikamento,8.4,medikament/o,
mediti,8.4,medit/i,
mekaniko,8.4,mekanik/o,
mekanismo,8.4,mekan/ism/o,
migri,8.4,migr/i,
miliardo,8.4,miliard/o,
mino,8.4,min/o,
minus,8.4,minus,
mistero,8.4,mister/o,
modelo,8.4,model/o,
modera,8.4,moder/a,
moskito,8.4,moskit/o,
muskolo,8.4,muskol/o,
muso,8.4,mus/o,
nadlo,8.4,nadl/o,
naiva,8.4,naiv/a,
naŭzi,8.4,naŭz/i,
nervo,8.4,nerv/o,
nivelo,8.4,nivel/o,
nobla,8.4,nobl/a,
nodo,8.4,nod/o,
observi,8.4,observ/i,
ombrelo,8.4,ombrel/o,
oscedi,8.4,osced/i,
palaco,8.4,palac/o,
parfumo,8.4,parfum/o,
pasio,8.4,pasi/o,
pato,8.4,pat/o,
patrono,8.4,patron/o,
paŝti,8.4,paŝt/i,
pelto,8.4,pelt/o,
peniko,8.4,penik/o,
penti,8.4,pent/i,
perfidi,8.4,perfid/i,
petrolo,8.4,petrol/o,
pilo,8.4,pil/o,
pinĉi,8.4,pinĉ/i,
piro,8.4,pir/o,
plekti,8.4,plekt/i,
plumbo,8.4,plumb/o,
plus,8.4,plus,
poezio,8.4,poezi/o,
posteno,8.4,posten/o,
pozicio,8.4,pozici/o,
preteksto,8.4,pretekst/o,
pretendi,8.4,pretend/i,
probabla,8.4,probabl/a,
procedi,8.4,proced/i,
proceso,8.4,proces/o,
prokrasti,8.4,prokrast/i,
prozo,8.4,proz/o,
pruvi,8.4,pruv/i,
pulmo,8.4,pulm/o,
pulvo,8.4,pulv/o,
pulvoro,8.4,pulvor/o,
pumpi,8.4,pump/i,
pupo,8.4,pup/o,
putri,8.4,putr/i,
rampi,8.4,ramp/i,
rango,8.4,rang/o,
rato,8.4,rat/o,
ravi,8.4,rav/i,
recepto,8.4,recept/o,
regali,8.4,regal/i,
remi,8.4,rem/i,
respubliko,8.4,respublik/o,
rezigni,8.4,rezign/i,
rezisti,8.4,rezist/i,
rifuĝi,8.4,rifuĝ/i,
ripo,8.4,rip/o,
riski,8.4,risk/i,
ritmo,8.4,ritm/o,
robo,8.4,rob/o,
ronki,8.4,ronk/i,
rosti,8.4,rost/i,
sagaca,8.4,sagac/a,
saŭco,8.4,saŭc/o,
segi,8.4,seg/i,
sekretario,8.4,sekretari/o,
sekso,8.4,seks/o,
senso,8.4,sens/o,
serena,8.4,seren/a,
signalo,8.4,signal/o,
silko,8.4,silk/o,
simio,8.4,simi/o,
simpatio,8.4,simpati/o,
sklavo,8.4,sklav/o,
skui,8.4,sku/i,
sobra,8.4,sobr/a,
sojlo,8.4,sojl/o,
sopiri,8.4,sopir/i,
sorĉi,8.4,sorĉ/i,
sprita,8.4,sprit/a,
stango,8.4,stang/o,
stilo,8.4,stil/o,
strio,8.4,stri/o,
strukturo,8.4,struktur/o,
sufoki,8.4,sufok/i,
surfaco,8.4,surfac/o,
suspekti,8.4,suspekt/i,
sveni,8.4,sven/i,
svingi,8.4,sving/i,
tajli,8.4,tajl/i,
tajloro,8.4,tajlor/o,
tedi,8.4,ted/i,
tegi,8.4,teg/i,
tendo,8.4,tend/o,
teorio,8.4,teori/o,
tereno,8.4,teren/o,
trajno,8.4,trajn/o,
trajto,8.4,trajt/o,
trempi,8.4,tremp/i,
trezoro,8.4,trezor/o,
trikoto,8.4,trikot/o,
trotuaro,8.4,trotuar/o,
trunko,8.4,trunk/o,
turmenti,8.4,turment/i,
urso,8.4,urs/o,
vakcino,8.4,vakcin/o,
velki,8.4,velk/i,
velo,8.4,vel/o,
veneno,8.4,venen/o,
verbo,8.4,verb/o,
veŝto,8.4,veŝt/o,
vidvo,8.4,vidv/o,
virto,8.4,virt/o,
vualo,8.4,vual/o,
vulpo,8.4,vulp/o,
ĉagreni,8.4,ĉagren/i,
ĉeko,8.4,ĉek/o,
ĉeno,8.4,ĉen/o,
ĉerizo,8.4,ĉeriz/o,
ĉerpi,8.4,ĉerp/i,
ĵaluza,8.4,ĵaluz/a,
ĵuri,8.4,ĵur/i,
ŝarĝi,8.4,ŝarĝ/i,
ŝelo,8.4,ŝel/o,
ŝmiri,8.4,ŝmir/i,
ŝoforo,8.4,ŝofor/o,
ŝraŭbo,8.4,ŝraŭb/o,
ŝtalo,8.4,ŝtal/o,
ŝtofo,8.4,ŝtof/o,
abomeni,8.79,abomen/i,
abstrakta,8.79,abstrakt/a,
acido,8.79,acid/o,
agordi,8.79,agord/i,
akuzativo,8.79,akuzativ/o,
akuŝi,8.79,akuŝ/i,
alarmi,8.79,alarm/i,
alternativo,8.79,altern/at/iv/o,
ambicio,8.79,ambici/o,
amoro,8.79,amor/o,
analizi,8.79,analiz/i,
antarkta,8.79,antarkt/a,
antikva,8.79,antikv/a,
antologio,8.79,antologi/o,
ardi,8.79,ard/i,
aresti,8.79,arest/i,
arkta,8.79,arkt/a,
aroganta,8.79,arog/ant/a,
asimili,8.79,asimil/i,
astro,8.79,astr/o,
astronomio,8.79,astr/o/nomi/o,
atmosfero,8.79,atmosfer/o,
aviado,8.79,aviad/o,
aŭdaci,8.79,aŭdac/i,
aŭroro,8.79,aŭror/o,
baleno,8.79,balen/o,
baleto,8.79,balet/o,
banala,8.79,banal/a,
baterio,8.79,bateri/o,
biblio,8.79,bibli/o,
biologio,8.79,bio/logi/o,
bis,8.79,bis,
biskvito,8.79,biskvit/o,
bombo,8.79,bomb/o,
botaniko,8.79,botanik/o,
botoj,8.79,bot/oj,
brajlo,8.79,brajl/o,
budho,8.79,budh/o,
burokrato,8.79,burokrat/o,
buso,8.79,bus/o,
celebri,8.79,celebr/i,
ceramiko,8.79,ceramik/o,
ceremonio,8.79,ceremoni/o,
damaĝi,8.79,damaĝ/i,
demokratio,8.79,demokrati/o,
detala,8.79,detal/a,
dialekto,8.79,dialekt/o,
diamanto,8.79,diamant/o,
digno,8.79,dign/o,
dinamito,8.79,dinamit/o,
diplomato,8.79,diplomat/o,
diplomo,8.79,diplom/o,
diskriminacio,8.79,diskriminaci/o,
distrikto,8.79,distrikt/o,
domaĝo,8.79,domaĝ/o,
dosiero,8.79,dosier/o,
drinki,8.79,drink/i,
ekologio,8.79,eko/logi/o,
ekonomiko,8.79,ekonomik/o,
ekskluziva,8.79,ekskluziv/a,
ekspreso,8.79,ekspres/o,
ekstra,8.79,ekstr/a,
ekzemplero,8.79,ekzempler/o,
elimini,8.79,elimin/i,
elokventa,8.79,elokvent/a,
emfazo,8.79,emfaz/o,
emocii,8.79,emoci/i,
enciklopedio,8.79,enciklopedi/o,
enketo,8.79,enket/o,
entuziasmo,8.79,entuziasm/o,
epizodo,8.79,epizod/o,
erotika,8.79,erotik/a,
eseo,8.79,ese/o,
etiko,8.79,etik/o,
etno,8.79,etn/o,
eventuala,8.79,eventual/a,
eŭro,8.79,eŭr/o,
faktoro,8.79,faktor/o,
fakturo,8.79,faktur/o,
fantomo,8.79,fantom/o,
fatalo,8.79,fatal/o,
fekunda,8.79,fekund/a,
feminismo,8.79,femin/ism/o,
femuro,8.79,femur/o,
festivalo,8.79,festival/o,
fi,8.79,fi,
fiasko,8.79,fiask/o,
filatelo,8.79,filatel/o,
filio,8.79,fili/o,
filozofio,8.79,filozofi/o,
filtri,8.79,filtr/i,
firmao,8.79,firma/o,
fonetiko,8.79,fonetik/o,
fono,8.79,fon/o,
formala,8.79,formal/a,
formato,8.79,format/o,
fortuno,8.79,fortun/o,
forumo,8.79,forum/o,
frakcio,8.79,frakci/o,
futbalo,8.79,futbal/o,
gambo,8.79,gamb/o,
gastronomio,8.79,gastr/o/nomi/o,
gesto,8.79,gest/o,
giganto,8.79,gigant/o,
gimnastiko,8.79,gimnastik/o,
gimnazio,8.79,gimnazi/o,
gitaro,8.79,gitar/o,
giĉeto,8.79,giĉet/o,
glori,8.79,glor/i,
glui,8.79,glu/i,
grimaco,8.79,grimac/o,
groteska,8.79,grotesk/a,
gubernio,8.79,guberni/o,
he,8.79,he,
hobio,8.79,hobi/o,
horizontala,8.79,horizontal/a,
humuro,8.79,humur/o,
ideologio,8.79,ide/o/logi/o,
idioto,8.79,idiot/o,
iluzio,8.79,iluzi/o,
imponi,8.79,impon/i,
inaŭguri,8.79,inaŭgur/i,
indekso,8.79,indeks/o,
indico,8.79,indic/o,
instituto,8.79,institut/o,
integra,8.79,integr/a,
intensa,8.79,intens/a,
interezo,8.79,interez/o,
intervjuo,8.79,intervju/o,
inversa,8.79,invers/a,
iriti,8.79,irit/i,
islamo,8.79,islam/o,
jakto,8.79,jakt/o,
japano,8.79,japan/o,
jeto,8.79,jet/o,
k.t.p.,8.79,k.t.p.,NEEDS_TRANS
kalko,8.79,kalk/o,
kanario,8.79,kanari/o,
kancero,8.79,kancer/o,
kaprico,8.79,kapric/o,
karakterizi,8.79,karakter/iz/i,
karavano,8.79,karavan/o,
karbono,8.79,karbon/o,
karcero,8.79,karcer/o,
kariero,8.79,karier/o,
karikaturo,8.79,karikatur/o,
kasedo,8.79,kased/o,
katastrofo,8.79,katastrof/o,
katoliko,8.79,katolik/o,
kaŭri,8.79,kaŭr/i,
klaki,8.79,klak/i,
klasifiki,8.79,klasifik/i,
klavo,8.79,klav/o,
klaĉi,8.79,klaĉ/i,
klimatizi,8.79,klimat/iz/i,
kodo,8.79,kod/o,
kokso,8.79,koks/o,
kolbaso,8.79,kolbas/o,
kolonio,8.79,koloni/o,
komentarii,8.79,komentari/i,
komenti,8.79,koment/i,
kompili,8.79,kompil/i,
kompleksa,8.79,kompleks/a,
komplezo,8.79,komplez/o,
komplimento,8.79,kompliment/o,
konciza,8.79,konciz/a,
kondolenci,8.79,kondolenc/i,
konflikto,8.79,konflikt/o,
konforma,8.79,konform/a,
konko,8.79,konk/o,
konkreta,8.79,konkret/a,
konsilio,8.79,konsili/o,
konsonanto,8.79,konsonant/o,
konsulti,8.79,konsult/i,
kontinento,8.79,kontinent/o,
konto,8.79,kont/o,
kontrasto,8.79,kontrast/o,
kontribui,8.79,kontribu/i,
konvencio,8.79,konvenci/o,
kooperativo,8.79,kooperativ/o,
kopii,8.79,kopi/i,
krabo,8.79,krab/o,
krampo,8.79,kramp/o,
krizantemo,8.79,krizantem/o,
kvereli,8.79,kverel/i,
kvitanci,8.79,kvitanc/i,
lanco,8.79,lanc/o,
lanĉi,8.79,lanĉ/i,
latino,8.79,latin/o,
legendo,8.79,legend/o,
liberala,8.79,liberal/a,
lingvistiko,8.79,lingvistik/o,
lumbo,8.79,lumb/o,
lupeo,8.79,lupe/o,
magio,8.79,magi/o,
magneto,8.79,magnet/o,
magnetofono,8.79,magnet/o/fon/o,
majonezo,8.79,majonez/o,
majusklo,8.79,majuskl/o,
manifestacio,8.79,manifestaci/o,
manio,8.79,mani/o,
manuskripto,8.79,manuskript/o,
masaĝo,8.79,masaĝ/o,
masko,8.79,mask/o,
matĉo,8.79,matĉ/o,
medio,8.79,medi/o,
mejlo,8.79,mejl/o,
melodio,8.79,melodi/o,
merkato,8.79,merkat/o,
mesaĝo,8.79,mesaĝ/o,
mevo,8.79,mev/o,
miaŭi,8.79,miaŭ/i,
mikrofono,8.79,mikro/fon/o,
minusklo,8.79,minuskl/o,
miopa,8.79,miop/a,
miraklo,8.79,mirakl/o,
molekulo,8.79,molekul/o,
monopolo,8.79,monopol/o,
motivo,8.79,motiv/o,
mozaiko,8.79,mozaik/o,
moŝto,8.79,moŝt/o,
mustardo,8.79,mustard/o,
negativa,8.79,negativ/a,
neologismo,8.79,neo/log/ism/o,
neta,8.79,net/a,
neŭtrala,8.79,neŭtral/a,
nominativo,8.79,nominativ/o,
normo,8.79,norm/o,
nuanco,8.79,nuanc/o,
nukleo,8.79,nukle/o,
numeralo,8.79,numeral/o,
objektiva,8.79,objekt/iv/a,
oceanio,8.79,oceani/o,
operacio,8.79,operaci/o,
opozicio,8.79,opozici/o,
orta,8.79,ort/a,
panico,8.79,panic/o,
paniko,8.79,panik/o,
panoramo,8.79,panoram/o,
paradokso,8.79,paradoks/o,
paralela,8.79,paralel/a,
parentezo,8.79,parentez/o,
pasiva,8.79,pasiv/a,
paŭzo,8.79,paŭz/o,
pelvo,8.79,pelv/o,
pensiono,8.79,pension/o,
pikniko,8.79,piknik/o,
pilolo,8.79,pilol/o,
piĵamo,8.79,piĵam/o,
pledi,8.79,pled/i,
podio,8.79,podi/o,
poento,8.79,poent/o,
pokalo,8.79,pokal/o,
poluri,8.79,polur/i,
pozitiva,8.79,pozitiv/a,
prefikso,8.79,prefiks/o,
prezidento,8.79,prezident/o,
primitiva,8.79,primitiv/a,
propagando,8.79,propagand/o,
proporcio,8.79,proporci/o,
protestanto,8.79,protest/ant/o,
protokolo,8.79,protokol/o,
provizi,8.79,proviz/i,
provizora,8.79,provizor/a,
purpuro,8.79,purpur/o,
racia,8.79,raci/a,
rakedo,8.79,raked/o,
redakcio,8.79,redakci/o,
redaktoro,8.79,redaktor/o,
referenco,8.79,referenc/o,
refuti,8.79,refut/i,
reklamo,8.79,reklam/o,
rekompenci,8.79,rekompenc/i,
respektiva,8.79,respektiv/a,
resumi,8.79,re/sum/i,
revolucio,8.79,revoluci/o,
rezolucio,8.79,rezoluci/o,
rubo,8.79,rub/o,
rubriko,8.79,rubrik/o,
satano,8.79,satan/o,
satelito,8.79,satelit/o,
sfero,8.79,sfer/o,
sigelo,8.79,sigel/o,
silabo,8.79,silab/o,
simbolo,8.79,simbol/o,
situi,8.79,situ/i,
skandalo,8.79,skandal/o,
skeleto,8.79,skelet/o,
skeĉo,8.79,skeĉ/o,
skizi,8.79,skiz/i,
solida,8.79,solid/a,
specifa,8.79,specif/a,
spite,8.79,spit/e,
stabila,8.79,stabil/a,
stabo,8.79,stab/o,
stampi,8.79,stamp/i,
statistiko,8.79,statistik/o,
stimuli,8.79,stimul/i,
stoko,8.79,stok/o,
stovo,8.79,stov/o,
striko,8.79,strik/o,
strofo,8.79,strof/o,
subjektiva,8.79,subjekt/iv/a,
sufikso,8.79,sufiks/o,
sugesti,8.79,sugest/i,
superstiĉo,8.79,superstiĉ/o,
tabuo,8.79,tabu/o,
tajdo,8.79,tajd/o,
tajfuno,8.79,tajfun/o,
taksio,8.79,taksi/o,
taktiko,8.79,taktik/o,
talento,8.79,talent/o,
tamburo,8.79,tambur/o,
tavolo,8.79,tavol/o,
teamo,8.79,team/o,
teknologio,8.79,teknologi/o,
teleskopo,8.79,tele/skop/o,
templo,8.79,templ/o,
teniso,8.79,tenis/o,
termino,8.79,termin/o,
termo,8.79,term/o,
testamento,8.79,testament/o,
tezo,8.79,tez/o,
tosto,8.79,tost/o,
totala,8.79,total/a,
tropiko,8.79,tropik/o,
tulipo,8.79,tulip/o,
unio,8.79,uni/o,
universo,8.79,univers/o,
uragano,8.79,uragan/o,
urini,8.79,urin/i,
utopio,8.79,utopi/o,
uzino,8.79,uzin/o,
vaki,8.79,vak/i,
valuto,8.79,valut/o,
varbi,8.79,varb/i,
ve,8.79,ve,
vegeti,8.79,veget/i,
versio,8.79,versi/o,
vertikala,8.79,vertikal/a,
veterano,8.79,veteran/o,
viruso,8.79,virus/o,
viskio,8.79,viski/o,
vitamino,8.79,vitamin/o,
vizo,8.79,viz/o,
vokalo,8.79,vokal/o,
volupto,8.79,volupt/o,
vulgara,8.79,vulgar/a,
zoo,8.79,zo/o,
ĉampiono,8.79,ĉampion/o,
ĝiri,8.79,ĝir/i,
ĵazo,8.79,ĵaz/o,
ŝako,8.79,ŝak/o,
ŝalti,8.79,ŝalt/i,
ŝampuo,8.79,ŝampu/o,
ŝargi,8.79,ŝarg/i,
ŝarko,8.79,ŝark/o,
ŝoki,8.79,ŝok/i,
ŝoseo,8.79,ŝose/o,
ŝtormo,8.79,ŝtorm/o,
ŝvebi,8.79,ŝveb/i,
absurda,8.9,absurd/a,
adapti,8.9,adapt/i,
adori,8.9,ador/i,
adverbo,8.9,adverb/o,
aflikti,8.9,aflikt/i,
ajlo,8.9,ajl/o,
akademio,8.9,akademi/o,
akcento,8.9,akcent/o,
akordo,8.9,akord/o,
akto,8.9,akt/o,
aktuala,8.9,aktual/a,
akuzi,8.9,akuz/i,
alfabeto,8.9,alfabet/o,
alterni,8.9,altern/i,
aludi,8.9,alud/i,
amara,8.9,amar/a,
amatoro,8.9,amator/o,
ambasadoro,8.9,ambasador/o,
anekdoto,8.9,anekdot/o,
aplaŭdi,8.9,aplaŭd/i,
apliki,8.9,aplik/i,
arbitra,8.9,arbitr/a,
aserti,8.9,asert/i,
atlantiko,8.9,atlantik/o,
atomo,8.9,atom/o,
aŭstralio,8.9,aŭstrali/o,
bagatelo,8.9,bagatel/o,
balbuti,8.9,balbut/i,
balo,8.9,bal/o,
baloti,8.9,balot/i,
bambuo,8.9,bambu/o,
banano,8.9,banan/o,
bandaĝo,8.9,bandaĝ/o,
bindi,8.9,bind/i,
bleki,8.9,blek/i,
bredi,8.9,bred/i,
bronzo,8.9,bronz/o,
buklo,8.9,bukl/o,
bulko,8.9,bulk/o,
bulteno,8.9,bulten/o,
burĝono,8.9,burĝon/o,
buĝeto,8.9,buĝet/o,
centralo,8.9,central/o,
cepo,8.9,cep/o,
cervo,8.9,cerv/o,
cigno,8.9,cign/o,
cindro,8.9,cindr/o,
cirklo,8.9,cirkl/o,
cirkulero,8.9,cirkuler/o,
cirkuli,8.9,cirkul/i,
civila,8.9,civil/a,
civito,8.9,civit/o,
deponi,8.9,depon/i,
deputi,8.9,deput/i,
determini,8.9,determin/i,
deĵori,8.9,deĵor/i,
dialogo,8.9,dia/log/o,
digesti,8.9,digest/i,
dimensio,8.9,dimensi/o,
dogano,8.9,dogan/o,
dorno,8.9,dorn/o,
ekipi,8.9,ekip/i,
eklezio,8.9,eklezi/o,
ekrano,8.9,ekran/o,
ekspluati,8.9,ekspluat/i,
eksporti,8.9,eksport/i,
ekspozicio,8.9,ekspozici/o,
ekzakta,8.9,ekzakt/a,
emerito,8.9,emerit/o,
establi,8.9,establ/i,
evento,8.9,event/o,
eĥo,8.9,eĥ/o,
fabelo,8.9,fabel/o,
fabo,8.9,fab/o,
federacio,8.9,federaci/o,
fenomeno,8.9,fenomen/o,
fikcio,8.9,fikci/o,
fliki,8.9,flik/i,
flustri,8.9,flustr/i,
formulo,8.9,formul/o,
fripono,8.9,fripon/o,
fronto,8.9,front/o,
fungo,8.9,fung/o,
furioza,8.9,furioz/a,
fuĝi,8.9,fuĝ/i,
generacio,8.9,generaci/o,
gento,8.9,gent/o,
geografio,8.9,geo/grafi/o,
glavo,8.9,glav/o,
gramatiko,8.9,gramatik/o,
gramo,8.9,gram/o,
grandioza,8.9,grandioz/a,
grati,8.9,grat/i,
graveda,8.9,graved/a,
grumbli,8.9,grumbl/i,
gruo,8.9,gru/o,NEEDS_TRANS
halo,8.9,hal/o,
harmonio,8.9,harmoni/o,
hazardo,8.9,hazard/o,
helikoptero,8.9,helikopter/o,
hepato,8.9,hepat/o,
heroldo,8.9,herold/o,
higieno,8.9,higien/o,
himno,8.9,himn/o,
hordeo,8.9,horde/o,
horizonto,8.9,horizont/o,
humana,8.9,human/a,
ignori,8.9,ignor/i,
impliki,8.9,implik/i,
imuna,8.9,imun/a,
inciti,8.9,incit/i,
indigni,8.9,indign/i,
indiki,8.9,indik/i,
individuo,8.9,individu/o,
indulgi,8.9,indulg/i,
infekti,8.9,infekt/i,
infero,8.9,infer/o,
iniciati,8.9,iniciat/i,
injekti,8.9,injekt/i,
insigno,8.9,insign/o,
inspiri,8.9,inspir/i,
interpreti,8.9,interpret/i,
intesto,8.9,intest/o,
intima,8.9,intim/a,
inundi,8.9,inund/i,
inventi,8.9,invent/i,
ironio,8.9,ironi/o,
izoli,8.9,izol/i,
jubileo,8.9,jubile/o,
kabano,8.9,kaban/o,
kaduka,8.9,kaduk/a,
kaldrono,8.9,kaldron/o,
kalumnii,8.9,kalumni/i,
kanalo,8.9,kanal/o,
kandidato,8.9,kandidat/o,
karno,8.9,karn/o,
kartono,8.9,karton/o,
katalogo,8.9,katalog/o,
kategorio,8.9,kategori/o,
kazo,8.9,kaz/o,
kaĉo,8.9,kaĉ/o,
kaĝo,8.9,kaĝ/o,
kaŝtano,8.9,kaŝtan/o,
kerno,8.9,kern/o,
kirurgio,8.9,kirurgi/o,
klimato,8.9,klimat/o,
koketa,8.9,koket/a,
kolegio,8.9,kolegi/o,
kolektiva,8.9,kolekt/iv/a,
kolizii,8.9,kolizi/i,
kolombo,8.9,kolomb/o,
kolumno,8.9,kolumn/o,
kombini,8.9,kombin/i,
komedio,8.9,komedi/o,
kompetenta,8.9,kompetent/a,
kompliki,8.9,komplik/i,
komponi,8.9,kompon/i,
koncepto,8.9,koncept/o,
konfidenco,8.9,konfidenc/o,
konkurso,8.9,konkurs/o,
konsekvenco,8.9,konsekvenc/o,
konstitucio,8.9,konstituci/o,
konsumi,8.9,konsum/i,
kontanta,8.9,kontant/a,
koridoro,8.9,koridor/o,
korvo,8.9,korv/o,
kosmo,8.9,kosm/o,
kostumo,8.9,kostum/o,
kranio,8.9,krani/o,
kraĉi,8.9,kraĉ/i,
kredito,8.9,kred/it/o,
kristalo,8.9,kristal/o,
krokodilo,8.9,krokodil/o,
kubo,8.9,kub/o,
kukumo,8.9,kukum/o,
kukurbo,8.9,kukurb/o,
kuniklo,8.9,kunikl/o,
kupono,8.9,kupon/o,
kuseno,8.9,kusen/o,
lado,8.9,lad/o,
lardo,8.9,lard/o,
lekcio,8.9,lekci/o,
liceo,8.9,lice/o,
lilio,8.9,lili/o,
liveri,8.9,liver/i,
logiko,8.9,logik/o,
lojala,8.9,lojal/a,
loto,8.9,lot/o,
lukti,8.9,lukt/i,
luli,8.9,lul/i,
maizo,8.9,maiz/o,
maksimumo,8.9,maksimum/o,
malica,8.9,malic/a,
manipuli,8.9,manipul/i,
maso,8.9,mas/o,
matematiko,8.9,matematik/o,
materio,8.9,materi/o,
mato,8.9,mat/o,
medicino,8.9,medicin/o,
mediteraneo,8.9,mediterane/o,
melono,8.9,melon/o,
menso,8.9,mens/o,
menuo,8.9,menu/o,
mielo,8.9,miel/o,
mineralo,8.9,mineral/o,
minimumo,8.9,minimum/o,
ministerio,8.9,ministeri/o,
modifi,8.9,modif/i,
monstro,8.9,monstr/o,
monumento,8.9,monument/o,
moralo,8.9,moral/o,
multipliki,8.9,multiplik/i,
musko,8.9,musk/o,
neglekti,8.9,neglekt/i,
nenial,8.9,nenial,
nilono,8.9,nilon/o,
nukso,8.9,nuks/o,
oblikva,8.9,oblikv/a,
obstaklo,8.9,obstakl/o,
obstina,8.9,obstin/a,
oceano,8.9,ocean/o,
ofendi,8.9,ofend/i,
orkestro,8.9,orkestr/o,
ortografio,8.9,orto/grafi/o,
pacifiko,8.9,pacifik/o,
palpebro,8.9,palpebr/o,
palpi,8.9,palp/i,
palto,8.9,palt/o,
paneo,8.9,pane/o,
pantoflo,8.9,pantofl/o,
papago,8.9,papag/o,
papilio,8.9,papili/o,
papo,8.9,pap/o,
paradizo,8.9,paradiz/o,
parlamento,8.9,parlament/o,
pasaĝero,8.9,pasaĝer/o,
pasero,8.9,paser/o,
pensio,8.9,pensi/o,
perei,8.9,pere/i,
periodo,8.9,period/o,
perlo,8.9,perl/o,
persiko,8.9,persik/o,
persisti,8.9,persist/i,
pia,8.9,pi/a,
piano,8.9,pian/o,
pioniro,8.9,pionir/o,
pipro,8.9,pipr/o,
planedo,8.9,planed/o,
plasto,8.9,plast/o,
populara,8.9,popular/a,
porcio,8.9,porci/o,
portreto,8.9,portret/o,
principo,8.9,princip/o,
princo,8.9,princ/o,
profesoro,8.9,profesor/o,
programo,8.9,program/o,
projekto,8.9,projekt/o,
pronomo,8.9,pronom/o,
prosperi,8.9,prosper/i,
proverbo,8.9,proverb/o,
provinco,8.9,provinc/o,
psikologio,8.9,psik/o/logi/o,
rafano,8.9,rafan/o,
rano,8.9,ran/o,
reala,8.9,real/a,
recenzi,8.9,recenz/i,
redukti,8.9,redukt/i,
relativa,8.9,relativ/a,
rendevuo,8.9,rendevu/o,
reno,8.9,ren/o,
revizii,8.9,revizi/i,
rezoni,8.9,rezon/i,
reĝimo,8.9,reĝim/o,
rigida,8.9,rigid/a,
rimeno,8.9,rimen/o,
rimo,8.9,rim/o,
rubando,8.9,ruband/o,
ruino,8.9,ruin/o,
sago,8.9,sag/o,
salato,8.9,salat/o,
saliko,8.9,salik/o,
sandviĉo,8.9,sandviĉ/o,
sekcio,8.9,sekci/o,
sekura,8.9,sekur/a,
sindikato,8.9,sindikat/o,
skio,8.9,ski/o,
sociala,8.9,social/a,
sofo,8.9,sof/o,
solena,8.9,solen/a,
solidara,8.9,solidar/a,
sorbi,8.9,sorb/i,
specimeno,8.9,specimen/o,
spiko,8.9,spik/o,
spuro,8.9,spur/o,
stadio,8.9,stadi/o,
stano,8.9,stan/o,
statuo,8.9,statu/o,
staturo,8.9,statur/o,
subjekto,8.9,subjekt/o,
substantivo,8.9,substantiv/o,
subtrahi,8.9,subtrah/i,
sulko,8.9,sulk/o,
surtuto,8.9,surtut/o,
suĉi,8.9,suĉ/i,
tajpi,8.9,tajp/i,
talio,8.9,tali/o,
tarifo,8.9,tarif/o,
tekniko,8.9,teknik/o,
teksto,8.9,tekst/o,
tendenco,8.9,tendenc/o,
teritorio,8.9,teritori/o,
termometro,8.9,term/o/metr/o,
testudo,8.9,testud/o,
tigo,8.9,tig/o,
tigro,8.9,tigr/o,
tikli,8.9,tikl/i,
tomato,8.9,tomat/o,
tradicio,8.9,tradici/o,
tragedio,8.9,tragedi/o,
trejni,8.9,trejn/i,
triki,8.9,trik/i,
trupo,8.9,trup/o,
tubero,8.9,tuber/o,
tumulto,8.9,tumult/o,
tunelo,8.9,tunel/o,
tuno,8.9,tun/o,
turismo,8.9,turism/o,
turisto,8.9,turist/o,
uniformo,8.9,uniform/o,
unika,8.9,unik/a,
vagi,8.9,vag/i,
valida,8.9,valid/a,
varti,8.9,vart/i,
vegetalo,8.9,vegetal/o,
vegetara,8.9,vegetar/a,
venĝi,8.9,venĝ/i,
veti,8.9,vet/i,
viktimo,8.9,viktim/o,
violono,8.9,violon/o,
vipo,8.9,vip/o,
virga,8.9,virg/a,
volumeno,8.9,volumen/o,
volumo,8.9,volum/o,
vomi,8.9,vom/i,
zinko,8.9,zink/o,
zoologio,8.9,zo/o/logi/o,
zumi,8.9,zum/i,
ĉelo,8.9,ĉel/o,
ĉial,8.9,ĉial,
ĝemelo,8.9,ĝemel/o,
ĝermo,8.9,ĝerm/o,
ĥoro,8.9,ĥor/o,
ŝanceli,8.9,ŝancel/i,
ŝaŭmo,8.9,ŝaŭm/o,
ŝinko,8.9,ŝink/o,
ŝpruci,8.9,ŝpruc/i,
abrikoto,9,abrikot/o,
abrupta,9,abrupt/a,
abstini,9,abstin/i,
agento,9,agent/o,
agiti,9,agit/i,
akcio,9,akci/o,
akno,9,akn/o,
akrido,9,akrid/o,
akso,9,aks/o,
alarmo,9,alarm/o,
alaŭdo,9,alaŭd/o,
aleo,9,ale/o,
algo,9,alg/o,
aluminio,9,alumini/o,
ambasado,9,ambasad/o,
ampolo,9,ampol/o,
angilo,9,angil/o,
ansero,9,anser/o,
aperturo,9,apertur/o,
apostolo,9,apostol/o,
apro,9,apr/o,
arterio,9,arteri/o,
artiko,9,artik/o,
asembleo,9,asemble/o,
asfalto,9,asfalt/o,
asisti,9,asist/i,
avantaĝo,9,avantaĝ/o,
aveno,9,aven/o,
aŭdaca,9,aŭdac/a,
bacilo,9,bacil/o,
bakterio,9,bakteri/o,
banto,9,bant/o,
bapti,9,bapt/i,
barbiro,9,barbir/o,
barko,9,bark/o,
basko,9,bask/o,
beto,9,bet/o,
bifsteko,9,bifstek/o,
blasfemi,9,blasfem/i,
bonvoli,9,bon/vol/i,
borso,9,bors/o,
bovlo,9,bovl/o,
braceleto,9,bracelet/o,
brando,9,brand/o,
brido,9,brid/o,
brokanti,9,brokant/i,
bruto,9,brut/o,
budĝeto,9,budĝet/o,
bukedo,9,buked/o,
buko,9,buk/o,
bulbo,9,bulb/o,
buĉi,9,buĉ/i,
centimetro,9,centi/metr/o,
cigaro,9,cigar/o,
cikado,9,cikad/o,
cikatro,9,cikatr/o,
cikonio,9,cikoni/o,
cinamo,9,cinam/o,
cirkelo,9,cirkel/o,
cirkvito,9,cirkvit/o,
ciro,9,cir/o,
daktilo,9,daktil/o,
dando,9,dand/o,
debeto,9,debet/o,
deliri,9,delir/i,
denunci,9,denunc/i,
devontigi,9,dev/ont/ig/i,
dianto,9,diant/o,
dieto,9,diet/o,
dikti,9,dikt/i,
dorloti,9,dorlot/i,
doto,9,dot/o,
dresi,9,dres/i,
efekto,9,efekt/o,
egoisto,9,ego/ist/o,
ekspedi,9,eksped/i,
ekvatoro,9,ekvator/o,
ekzekuti,9,ekzekut/i,
elasta,9,elast/a,
eldoni,9,el/don/i,
elektroniko,9,elektronik/o,
emajlo,9,emajl/o,
enketi,9,enket/i,
epidemio,9,epidemi/o,
eskapi,9,eskap/i,
estigi,9,est/ig/i,
etapo,9,etap/o,
etato,9,etat/o,
faco,9,fac/o,
fago,9,fag/o,
fajenco,9,fajenc/o,
falĉi,9,falĉ/i,
fasado,9,fasad/o,
fasono,9,fason/o,
fasti,9,fast/i,
fazeolo,9,fazeol/o,
felto,9,felt/o,
feo,9,fe/o,
feĉo,9,feĉ/o,
fi!,9,fi!,
figo,9,fig/o,
flagri,9,flagr/i,
flati,9,flat/i,
fluido,9,fluid/o,
fontano,9,fontan/o,
foresti,9,for/est/i,
formiko,9,formik/o,
fotelo,9,fotel/o,
frako,9,frak/o,
funelo,9,funel/o,
furaĝo,9,furaĝ/o,
galo,9,gal/o,
galoŝo,9,galoŝ/o,
garbo,9,garb/o,
garni,9,garn/i,
gelateno,9,gelaten/o,
generalo,9,general/o,
girlando,9,girland/o,
gobio,9,gobi/o,
grego,9,greg/o,
grimaci,9,grimac/i,
grinci,9,grinc/i,
gripo,9,grip/o,
groto,9,grot/o,
gudro,9,gudr/o,
gustumi,9,gust/um/i,
gvardio,9,gvardi/o,
hangaro,9,hangar/o,
haringo,9,haring/o,
havigi,9,hav/ig/i,
hektaro,9,hektar/o,
heĝo,9,heĝ/o,
horizontalo,9,horizontal/o,
iafoje,9,ia/foj/e,
impeti,9,impet/i,
impulso,9,impuls/o,
insidi,9,insid/i,
inspektoro,9,inspektor/o,
instanco,9,instanc/o,
interpelacii,9,interpelaci/i,
invalido,9,invalid/o,
jugo,9,jug/o,
juki,9,juk/i,
jungi,9,jung/i,
kahelo,9,kahel/o,
kajuto,9,kajut/o,
kakao,9,kaka/o,
kakto,9,kakt/o,
kalkanumo,9,kalkan/um/o,
kalo,9,kal/o,
kamelo,9,kamel/o,
kankro,9,kankr/o,
karafo,9,karaf/o,
karnavalo,9,karnaval/o,
karpo,9,karp/o,
kaskedo,9,kasked/o,
kaverno,9,kavern/o,
kejlo,9,kejl/o,
kioma,9,kiom/a,
kirurgo,9,kirurg/o,
kliniko,9,klinik/o,
kokoso,9,kokos/o,
kolonelo,9,kolonel/o,
komisaro,9,komisar/o,
kompensi,9,kompens/i,
komplemento,9,komplement/o,
kompromiti,9,kompromit/i,
komunumo,9,komun/um/o,
koncentri,9,koncentr/i,
konkordo,9,konkord/o,
konsulo,9,konsul/o,
kontesti,9,kontest/i,
konvalo,9,konval/o,
korniko,9,kornik/o,
kresto,9,krest/o,
kulto,9,kult/o,
kurento,9,kurent/o,
laboratorio,9,laboratori/o,
lacerto,9,lacert/o,
lako,9,lak/o,
lanterno,9,lantern/o,
lapo,9,lap/o,
larvo,9,larv/o,
latitudo,9,latitud/o,
latuno,9,latun/o,
laĉo,9,laĉ/o,
laŭbo,9,laŭb/o,
lesivo,9,lesiv/o,
leŭtenanto,9,leŭtenant/o,
licenco,9,licenc/o,
likvo,9,likv/o,
limako,9,limak/o,
lino,9,lin/o,
lokomotivo,9,lokomotiv/o,
longitudo,9,longitud/o,
lotuso,9,lotus/o,
lubriki,9,lubrik/i,
luko,9,luk/o,
majesta,9,majest/a,
maleolo,9,maleol/o,
malvo,9,malv/o,
manovri,9,manovr/i,
marmelado,9,marmelad/o,
metalurgio,9,metalurgi/o,
mirinda,9,mir/ind/a,
mirtelo,9,mirtel/o,
mistifiki,9,mistifik/i,
muzelo,9,muzel/o,
muĝi,9,muĝ/i,
najtingalo,9,najtingal/o,
nervoza,9,nervoz/a,
nuko,9,nuk/o,
oficiro,9,oficir/o,
opero,9,oper/o,
oponi,9,opon/i,
opozicii,9,opozici/i,
oratoro,9,orator/o,
orienti,9,orient/i,
ovalo,9,oval/o,
palato,9,palat/o,
paliso,9,palis/o,
palmo,9,palm/o,
paralelo,9,paralel/o,
paraŝuto,9,paraŝut/o,
pavo,9,pav/o,
pekli,9,pekl/i,
pendolo,9,pendol/o,
perono,9,peron/o,
piceo,9,pice/o,
pigo,9,pig/o,
piloto,9,pilot/o,
plago,9,plag/o,
plando,9,pland/o,
plandumo,9,pland/um/o,
plastiko,9,plastik/o,
platano,9,platan/o,
plenaĝa,9,plen/aĝ/a,
pliigi,9,pli/ig/i,
plonĝi,9,plonĝ/i,
pluralo,9,plural/o,
porcelano,9,porcelan/o,
preskribi,9,preskrib/i,
profeto,9,profet/o,
proletario,9,proletari/o,
proleto,9,prolet/o,
propagandi,9,propagand/i,
propozicio,9,propozici/o,
provoki,9,provok/i,
pruno,9,prun/o,
pudro,9,pudr/o,
punto,9,punt/o,
pupilo,9,pupil/o,
puso,9,pus/o,
racio,9,raci/o,
radiatoro,9,radiator/o,
raŭka,9,raŭk/a,
raŭpo,9,raŭp/o,
reakcio,9,reakci/o,
reflekti,9,reflekt/i,
reformi,9,re/form/i,
regimento,9,regiment/o,
rektangulo,9,rekt/angul/o,
rento,9,rent/o,
resumo,9,re/sum/o,
revolucii,9,revoluci/i,
ribo,9,rib/o,
riveli,9,rivel/i,
riverenci,9,riverenc/i,
rivoluo,9,rivolu/o,
roso,9,ros/o,
rusto,9,rust/o,
sarki,9,sark/i,
satiro,9,satir/o,
sciuro,9,sciur/o,
sekalo,9,sekal/o,
sekci,9,sekc/i,
senato,9,senat/o,
sindona,9,si/n/don/a,
singarda,9,si/n/gard/a,
singularo,9,singular/o,
sino,9,sin/o,
sinteno,9,si/n/ten/o,
situo,9,situ/o,
skorpio,9,skorpi/o,
sledo,9,sled/o,
sorgo,9,sorg/o,
spektaklo,9,spektakl/o,
spinaco,9,spinac/o,
spiti,9,spit/i,
splito,9,split/o,
spongo,9,spong/o,
stadiono,9,stadion/o,
stameno,9,stamen/o,
starti,9,start/i,
sterko,9,sterk/o,
strigo,9,strig/o,
struto,9,strut/o,
substanco,9,substanc/o,
subtila,9,subtil/a,
suplemento,9,suplement/o,
susuri,9,susur/i,
svati,9,svat/i,
takto,9,takt/o,
tapeto,9,tapet/o,
tegolo,9,tegol/o,
tenera,9,tener/a,
teraso,9,teras/o,
terni,9,tern/i,
teĥniko,9,teĥnik/o,
tinkturo,9,tinktur/o,
tinti,9,tint/i,
torento,9,torent/o,
torto,9,tort/o,
tragika,9,tragik/a,
traktato,9,traktat/o,
tramo,9,tram/o,
trumpeto,9,trumpet/o,
tufo,9,tuf/o,
vadi,9,vad/i,
vakso,9,vaks/o,
vanta,9,vant/a,
vejno,9,vejn/o,
veluro,9,velur/o,
vertico,9,vertic/o,
vertikalo,9,vertikal/o,
veruko,9,veruk/o,
vespo,9,vesp/o,
veziko,9,vezik/o,
viadukto,9,viadukt/o,
vindo,9,vind/o,
vulkano,9,vulkan/o,
vulturo,9,vultur/o,
ĉaro,9,ĉar/o,
ĉarumo,9,ĉar/um/o,
ĉeesti,9,ĉe/est/i,
ĉerko,9,ĉerk/o,
ĉifi,9,ĉif/i,
ĝendarmo,9,ĝendarm/o,
ĝibo,9,ĝib/o,
ŝakalo,9,ŝakal/o,
ŝpini,9,ŝpin/i,
ŝtipo,9,ŝtip/o,
